file,label,split,title,artist,license,license_url,source_url
test/Dry/38bcbbd42a2f1e7d.jpg,Dry,test,File:Circuit de Monaco - Descente vers Mirabeau (54776964920).jpg,crash71100,CC0,http://creativecommons.org/publicdomain/zero/1.0/deed.en,https://commons.wikimedia.org/wiki/File:Circuit_de_Monaco_-_Descente_vers_Mirabeau_(54776964920).jpg
test/Dry/f04cc77b2eb673f6.jpg,Dry,test,File:Daniel Ricciardo 2012 Malaysia FP1.jpg,Morio,CC BY-SA 3.0,https://creativecommons.org/licenses/by-sa/3.0,https://commons.wikimedia.org/wiki/File:Daniel_Ricciardo_2012_Malaysia_FP1.jpg
test/Dry/1740e4fe98465783.jpg,Dry,test,File:Circuit de Monaco - Virage de Massenet (54762430112).jpg,crash71100,CC0,http://creativecommons.org/publicdomain/zero/1.0/deed.en,https://commons.wikimedia.org/wiki/File:Circuit_de_Monaco_-_Virage_de_Massenet_(54762430112).jpg
test/Dry/ec8240c33a5419eb.jpg,Dry,test,File:Circuit de Monaco - Virage de Massenet (54762429457).jpg,crash71100,CC0,http://creativecommons.org/publicdomain/zero/1.0/deed.en,https://commons.wikimedia.org/wiki/File:Circuit_de_Monaco_-_Virage_de_Massenet_(54762429457).jpg
test/Dry/b02b817e664fc4f9.jpg,Dry,test,File:McLaren mp4-26 Button 2011 Canadian GP.jpg,Sang Trinh,CC BY 2.0,https://creativecommons.org/licenses/by/2.0,https://commons.wikimedia.org/wiki/File:McLaren_mp4-26_Button_2011_Canadian_GP.jpg
test/Dry/56374ef409b98c59.jpg,Dry,test,File:Circuit de Monaco - Pit Lane (54799950430).jpg,crash71100,CC0,http://creativecommons.org/publicdomain/zero/1.0/deed.en,https://commons.wikimedia.org/wiki/File:Circuit_de_Monaco_-_Pit_Lane_(54799950430).jpg
test/Dry/f6f8f5ae603a2630.jpg,Dry,test,File:2011 Canadian GP Friday 18.jpg,Mark McArdle from Canada,CC BY-SA 2.0,https://creativecommons.org/licenses/by-sa/2.0,https://commons.wikimedia.org/wiki/File:2011_Canadian_GP_Friday_18.jpg
test/Dry/2c261f5ae32d17bc.jpg,Dry,test,File:Circuit de Monaco - Entrée de la pit lane (54784236109).jpg,crash71100,CC0,http://creativecommons.org/publicdomain/zero/1.0/deed.en,https://commons.wikimedia.org/wiki/File:Circuit_de_Monaco_-_Entr%C3%A9e_de_la_pit_lane_(54784236109).jpg
test/Dry/321471ae9035aef7.jpg,Dry,test,File:Circuit de Monaco - Tunnel (54776961819).jpg,crash71100,CC0,http://creativecommons.org/publicdomain/zero/1.0/deed.en,https://commons.wikimedia.org/wiki/File:Circuit_de_Monaco_-_Tunnel_(54776961819).jpg
test/Dry/e3ebd6d885e059b7.jpg,Dry,test,File:Robert Kubica 2008 Britain 2.jpg,ligreq,CC BY 2.0,https://creativecommons.org/licenses/by/2.0,https://commons.wikimedia.org/wiki/File:Robert_Kubica_2008_Britain_2.jpg
test/Dry/7e6c6236d15363b6.jpg,Dry,test,File:Circuit de Monaco - Portier (54777045625).jpg,crash71100,CC0,http://creativecommons.org/publicdomain/zero/1.0/deed.en,https://commons.wikimedia.org/wiki/File:Circuit_de_Monaco_-_Portier_(54777045625).jpg
test/Dry/c438c397df8ca05a.jpg,Dry,test,File:Silverstone turn 2008.jpg,ligreq,CC BY 2.0,https://creativecommons.org/licenses/by/2.0,https://commons.wikimedia.org/wiki/File:Silverstone_turn_2008.jpg
test/Dry/567b554b4885ab6d.jpg,Dry,test,File:Hamilton overtakes Kovi 2 (3017152754).jpg,Mark Kent,CC BY-SA 2.0,https://creativecommons.org/licenses/by-sa/2.0,https://commons.wikimedia.org/wiki/File:Hamilton_overtakes_Kovi_2_(3017152754).jpg
test/Dry/0dc8ae05306e391b.jpg,Dry,test,File:Lewis Hamilton 2012 Malaysia FP1.jpg,Morio,CC BY-SA 3.0,https://creativecommons.org/licenses/by-sa/3.0,https://commons.wikimedia.org/wiki/File:Lewis_Hamilton_2012_Malaysia_FP1.jpg
test/Dry/0b5ff154d07d7626.jpg,Dry,test,File:Petrov China GP 2010.jpg,"Ilia Tsmykal from Blagoveschensk, Russia",CC BY-SA 2.0,https://creativecommons.org/licenses/by-sa/2.0,https://commons.wikimedia.org/wiki/File:Petrov_China_GP_2010.jpg
test/Dry/2ad94a9a4f1d5586.jpg,Dry,test,File:2011 Canadian GP Friday 14.jpg,Mark McArdle from Canada,CC BY-SA 2.0,https://creativecommons.org/licenses/by-sa/2.0,https://commons.wikimedia.org/wiki/File:2011_Canadian_GP_Friday_14.jpg
test/Dry/fa900a2c05873663.jpg,Dry,test,File:Bianchi and McLaren at 1968 Dutch Grand Prix.jpg,"Evers, Joost / Anefo / neg. stroken, 1945-1989, 2.24.01.05, item number 921-4600",CC BY-SA 3.0 nl,https://creativecommons.org/licenses/by-sa/3.0/nl/deed.en,https://commons.wikimedia.org/wiki/File:Bianchi_and_McLaren_at_1968_Dutch_Grand_Prix.jpg
test/Dry/dccfdfbf9d0986be.jpg,Dry,test,File:Oliver at 1968 Dutch Grand Prix (2).jpg,"Evers, Joost / Anefo / neg. stroken, 1945-1989, 2.24.01.05, item number 921-4603",CC BY-SA 3.0 nl,https://creativecommons.org/licenses/by-sa/3.0/nl/deed.en,https://commons.wikimedia.org/wiki/File:Oliver_at_1968_Dutch_Grand_Prix_(2).jpg
test/Dry/e8ad4287c55e1718.jpg,Dry,test,File:Fernando Alonso 2012 Malaysia Qualify.jpg,Morio,CC BY-SA 3.0,https://creativecommons.org/licenses/by-sa/3.0,https://commons.wikimedia.org/wiki/File:Fernando_Alonso_2012_Malaysia_Qualify.jpg
test/Dry/82fa77157217e85a.jpg,Dry,test,File:2007 Japanese GP FH040018 (4837603952).jpg,nimame,CC BY 2.0,https://creativecommons.org/licenses/by/2.0,https://commons.wikimedia.org/wiki/File:2007_Japanese_GP_FH040018_(4837603952).jpg
test/Dry/4ae1ad8343fd0590.jpg,Dry,test,File:Circuit de Monaco - Virage de Sainte-Dévote (54763471498).jpg,crash71100,CC0,http://creativecommons.org/publicdomain/zero/1.0/deed.en,https://commons.wikimedia.org/wiki/File:Circuit_de_Monaco_-_Virage_de_Sainte-D%C3%A9vote_(54763471498).jpg
test/Dry/9f070fae7a858599.jpg,Dry,test,File:Sebastian Vettel 2012 Malaysia FP3.jpg,Morio,CC BY-SA 3.0,https://creativecommons.org/licenses/by-sa/3.0,https://commons.wikimedia.org/wiki/File:Sebastian_Vettel_2012_Malaysia_FP3.jpg
test/Dry/11946b890c32c763.jpg,Dry,test,File:Rodríguez at 1968 Dutch Grand Prix.jpg,"Evers, Joost / Anefo / neg. stroken, 1945-1989, 2.24.01.05, item number 921-4588",CC BY-SA 3.0 nl,https://creativecommons.org/licenses/by-sa/3.0/nl/deed.en,https://commons.wikimedia.org/wiki/File:Rodr%C3%ADguez_at_1968_Dutch_Grand_Prix.jpg
test/Dry/13c6f05e5d5d1064.jpg,Dry,test,File:Charlie Whiting at the Wheel! (5819619828).jpg,ph-stop,CC BY-SA 2.0,https://creativecommons.org/licenses/by-sa/2.0,https://commons.wikimedia.org/wiki/File:Charlie_Whiting_at_the_Wheel!_(5819619828).jpg
test/Dry/4e5a2953c85ad7d6.jpg,Dry,test,File:Nico Hulkenberg 2012 Malaysia Qualify.jpg,Morio,CC BY-SA 3.0,https://creativecommons.org/licenses/by-sa/3.0,https://commons.wikimedia.org/wiki/File:Nico_Hulkenberg_2012_Malaysia_Qualify.jpg
test/Dry/d76878f70eb803ab.jpg,Dry,test,File:Takuma Sato 2007 Japan 2.jpg,MATSUOKA Kohei,CC BY-SA 2.0,https://creativecommons.org/licenses/by-sa/2.0,https://commons.wikimedia.org/wiki/File:Takuma_Sato_2007_Japan_2.jpg
test/Dry/29295a79715ca080.jpg,Dry,test,File:Lewis Hamilton Silverstone 2008 test.jpg,Keith Williams,CC BY 2.0,https://creativecommons.org/licenses/by/2.0,https://commons.wikimedia.org/wiki/File:Lewis_Hamilton_Silverstone_2008_test.jpg
test/Dry/afe5c2d77733a624.jpg,Dry,test,File:Ickx at 1968 Dutch Grand Prix (3).jpg,"Evers, Joost / Anefo / neg. stroken, 1945-1989, 2.24.01.05, item number 921-4601",CC BY-SA 3.0 nl,https://creativecommons.org/licenses/by-sa/3.0/nl/deed.en,https://commons.wikimedia.org/wiki/File:Ickx_at_1968_Dutch_Grand_Prix_(3).jpg
test/Dry/cc15a4bbd3134b2f.jpg,Dry,test,File:Old skool F1 (6019258409).jpg,"Mat Hampson from Philadelphia, USA",CC BY-SA 2.0,https://creativecommons.org/licenses/by-sa/2.0,https://commons.wikimedia.org/wiki/File:Old_skool_F1_(6019258409).jpg
validation/Dry/7cb4c63b107dad09.jpg,Dry,validation,File:Button canda 2011.jpg,ph-stop,CC BY-SA 2.0,https://creativecommons.org/licenses/by-sa/2.0,https://commons.wikimedia.org/wiki/File:Button_canda_2011.jpg
validation/Dry/5ee49ee94e99f455.jpg,Dry,validation,File:Circuit de Monaco - Ligne droite des stands (54763463263).jpg,crash71100,CC0,http://creativecommons.org/publicdomain/zero/1.0/deed.en,https://commons.wikimedia.org/wiki/File:Circuit_de_Monaco_-_Ligne_droite_des_stands_(54763463263).jpg
validation/Dry/cb167696eceb2233.jpg,Dry,validation,File:Circuit de Monaco - Sortie du virage du Tabac (54783935639).jpg,crash71100,CC0,http://creativecommons.org/publicdomain/zero/1.0/deed.en,https://commons.wikimedia.org/wiki/File:Circuit_de_Monaco_-_Sortie_du_virage_du_Tabac_(54783935639).jpg
validation/Dry/a30884f3ac5405ec.jpg,Dry,validation,File:Sutil Monaco 2008.jpg,Danny Norton,CC BY 2.0,https://creativecommons.org/licenses/by/2.0,https://commons.wikimedia.org/wiki/File:Sutil_Monaco_2008.jpg
validation/Dry/eb86bb3dbc2f83d1.jpg,Dry,validation,File:Circuit de Monaco - Virage de la Piscine (54799643008).jpg,crash71100,CC0,http://creativecommons.org/publicdomain/zero/1.0/deed.en,https://commons.wikimedia.org/wiki/File:Circuit_de_Monaco_-_Virage_de_la_Piscine_(54799643008).jpg
validation/Dry/d2005460e1725dc7.jpg,Dry,validation,File:Robert Kubica 2008 Britain.jpg,"Marc Evans from Newbury, UK",CC BY-SA 2.0,https://creativecommons.org/licenses/by-sa/2.0,https://commons.wikimedia.org/wiki/File:Robert_Kubica_2008_Britain.jpg
validation/Dry/7e66bb85f2d3683b.jpg,Dry,validation,File:Circuit de Monaco - Virage de Sainte-Dévote (54763471873).jpg,crash71100,CC0,http://creativecommons.org/publicdomain/zero/1.0/deed.en,https://commons.wikimedia.org/wiki/File:Circuit_de_Monaco_-_Virage_de_Sainte-D%C3%A9vote_(54763471873).jpg
validation/Dry/634a55dad1b9d534.jpg,Dry,validation,File:Buemi Chinese GP qualy 2010.jpg,Drew,CC BY 2.0,https://creativecommons.org/licenses/by/2.0,https://commons.wikimedia.org/wiki/File:Buemi_Chinese_GP_qualy_2010.jpg
validation/Dry/50417a905d272ce1.jpg,Dry,validation,File:2011 Canadian GP - restart.jpg,Mark McArdle from Canada,CC BY-SA 2.0,https://creativecommons.org/licenses/by-sa/2.0,https://commons.wikimedia.org/wiki/File:2011_Canadian_GP_-_restart.jpg
validation/Dry/461135156c1f12ce.jpg,Dry,validation,File:Hamilton with lock (3016323663).jpg,Mark Kent,CC BY-SA 2.0,https://creativecommons.org/licenses/by-sa/2.0,https://commons.wikimedia.org/wiki/File:Hamilton_with_lock_(3016323663).jpg
validation/Dry/ef6120d8a9487678.jpg,Dry,validation,File:Circuit de Monaco - Portier (54776956198).jpg,crash71100,CC0,http://creativecommons.org/publicdomain/zero/1.0/deed.en,https://commons.wikimedia.org/wiki/File:Circuit_de_Monaco_-_Portier_(54776956198).jpg
validation/Dry/0f945cf2e1416b82.jpg,Dry,validation,File:Circuit de Monaco - Chicane du port (54783709344).jpg,crash71100,CC0,http://creativecommons.org/publicdomain/zero/1.0/deed.en,https://commons.wikimedia.org/wiki/File:Circuit_de_Monaco_-_Chicane_du_port_(54783709344).jpg
validation/Dry/fb25bcc2a30c0700.jpg,Dry,validation,File:De la Rosa China qualy 2010 (cropped).jpg,"De_la_Rosa_China_qualy_2010.jpg: Ilia Tsmykal from Blagoveschensk, Russia
derivative work: Chubbennaitor (talk)",CC BY-SA 2.0,https://creativecommons.org/licenses/by-sa/2.0,https://commons.wikimedia.org/wiki/File:De_la_Rosa_China_qualy_2010_(cropped).jpg
validation/Dry/9cb12cfbd7dda178.jpg,Dry,validation,File:2011 Canadian Grand Prix (5819629768).jpg,ph-stop,CC BY-SA 2.0,https://creativecommons.org/licenses/by-sa/2.0,https://commons.wikimedia.org/wiki/File:2011_Canadian_Grand_Prix_(5819629768).jpg
validation/Dry/1a679608dec1b719.jpg,Dry,validation,File:Circuit de Monaco - Virage de la Piscine (54783706926).jpg,crash71100,CC0,http://creativecommons.org/publicdomain/zero/1.0/deed.en,https://commons.wikimedia.org/wiki/File:Circuit_de_Monaco_-_Virage_de_la_Piscine_(54783706926).jpg
validation/Dry/f05f6b6972dd0317.jpg,Dry,validation,File:Circuit de Monaco - Rascasse (54784198604).jpg,crash71100,CC0,http://creativecommons.org/publicdomain/zero/1.0/deed.en,https://commons.wikimedia.org/wiki/File:Circuit_de_Monaco_-_Rascasse_(54784198604).jpg
validation/Dry/0480cbe4c7dd3529.jpg,Dry,validation,File:Medical Car (5817329098).jpg,ph-stop,CC BY-SA 2.0,https://creativecommons.org/licenses/by-sa/2.0,https://commons.wikimedia.org/wiki/File:Medical_Car_(5817329098).jpg
validation/Dry/e28bc96d27bf06cd.jpg,Dry,validation,File:Sutil Petrov China GP 2010.jpg,"Ilia Tsmykal from Blagoveschensk, Russia",CC BY-SA 2.0,https://creativecommons.org/licenses/by-sa/2.0,https://commons.wikimedia.org/wiki/File:Sutil_Petrov_China_GP_2010.jpg
validation/Dry/663f96ee289e3802.jpg,Dry,validation,File:Hamilton Up close (3016404651).jpg,Mark Kent,CC BY-SA 2.0,https://creativecommons.org/licenses/by-sa/2.0,https://commons.wikimedia.org/wiki/File:Hamilton_Up_close_(3016404651).jpg
validation/Dry/bcf0fe0bbe18c856.jpg,Dry,validation,File:Circuit de Monaco - Virage de Sainte-Dévote (54763232546).jpg,crash71100,CC0,http://creativecommons.org/publicdomain/zero/1.0/deed.en,https://commons.wikimedia.org/wiki/File:Circuit_de_Monaco_-_Virage_de_Sainte-D%C3%A9vote_(54763232546).jpg
validation/Dry/7dd0ce937bde5d18.jpg,Dry,validation,File:Fernando Alonso won 2012 Malaysian GP.jpg,Morio,CC BY-SA 3.0,https://creativecommons.org/licenses/by-sa/3.0,https://commons.wikimedia.org/wiki/File:Fernando_Alonso_won_2012_Malaysian_GP.jpg
validation/Dry/c1ebfb07cab63db4.jpg,Dry,validation,File:Circuit de Monaco - Portier (54776935514).jpg,crash71100,CC0,http://creativecommons.org/publicdomain/zero/1.0/deed.en,https://commons.wikimedia.org/wiki/File:Circuit_de_Monaco_-_Portier_(54776935514).jpg
validation/Dry/120caf3fe391d9bd.jpg,Dry,validation,File:Hamilton Monaco 2008.jpg,Danny Norton,CC BY 2.0,https://creativecommons.org/licenses/by/2.0,https://commons.wikimedia.org/wiki/File:Hamilton_Monaco_2008.jpg
validation/Dry/5e6cce8d5767d92b.jpg,Dry,validation,File:Circuit de Monaco - Pitlane (54799711980).jpg,crash71100,CC0,http://creativecommons.org/publicdomain/zero/1.0/deed.en,https://commons.wikimedia.org/wiki/File:Circuit_de_Monaco_-_Pitlane_(54799711980).jpg
validation/Dry/04c794a53801a3cd.jpg,Dry,validation,File:Circuit de Monaco - Épingle du Loews Fairmont (54777007885).jpg,crash71100,CC0,http://creativecommons.org/publicdomain/zero/1.0/deed.en,https://commons.wikimedia.org/wiki/File:Circuit_de_Monaco_-_%C3%89pingle_du_Loews_Fairmont_(54777007885).jpg
validation/Dry/2f12b3abd1de9c81.jpg,Dry,validation,File:Felipe Massa 2008 Britain.jpg,"David Hunt from Warwickshire, UK",CC BY 2.0,https://creativecommons.org/licenses/by/2.0,https://commons.wikimedia.org/wiki/File:Felipe_Massa_2008_Britain.jpg
validation/Dry/d8b300292c1ee04e.jpg,Dry,validation,File:Circuit de Monaco - Virage de Sainte-Dévote (54763577980).jpg,crash71100,CC0,http://creativecommons.org/publicdomain/zero/1.0/deed.en,https://commons.wikimedia.org/wiki/File:Circuit_de_Monaco_-_Virage_de_Sainte-D%C3%A9vote_(54763577980).jpg
validation/Dry/4b74612724bcb669.jpg,Dry,validation,File:Hummer H3 (54783801500).jpg,crash71100,CC0,http://creativecommons.org/publicdomain/zero/1.0/deed.en,https://commons.wikimedia.org/wiki/File:Hummer_H3_(54783801500).jpg
validation/Dry/f50695efd7d9bfa3.jpg,Dry,validation,File:Jean-Eric Vergne 2012 Malaysia Race.jpg,Morio,CC BY-SA 3.0,https://creativecommons.org/licenses/by-sa/3.0,https://commons.wikimedia.org/wiki/File:Jean-Eric_Vergne_2012_Malaysia_Race.jpg
train/Dry/205316bff548eff6.jpg,Dry,train,File:USGP Austin 2015 (22530674055).jpg,"Curt Smith from Bellevue, WA, USA",CC BY 2.0,https://creativecommons.org/licenses/by/2.0,https://commons.wikimedia.org/wiki/File:USGP_Austin_2015_(22530674055).jpg
train/Dry/5f28051b09d47ec5.jpg,Dry,train,File:Alonso China qualy 2010.jpg,"Ilia Tsmykal from Blagoveschensk, Russia",CC BY-SA 2.0,https://creativecommons.org/licenses/by-sa/2.0,https://commons.wikimedia.org/wiki/File:Alonso_China_qualy_2010.jpg
train/Dry/9347e5715f8b676e.jpg,Dry,train,File:Michael Schumacher & Nico Rosberg (4957394678).jpg,"Nic Redhead from Birmingham, UK",CC BY-SA 2.0,https://creativecommons.org/licenses/by-sa/2.0,https://commons.wikimedia.org/wiki/File:Michael_Schumacher_%26_Nico_Rosberg_(4957394678).jpg
train/Dry/3566f9967c13e9b4.jpg,Dry,train,File:Sebastian Vettel 2008 Monaco.jpg,"Cord Rodefeld from Ulm, Germany",CC BY-SA 2.0,https://creativecommons.org/licenses/by-sa/2.0,https://commons.wikimedia.org/wiki/File:Sebastian_Vettel_2008_Monaco.jpg
train/Dry/29a3bf0636f202a6.jpg,Dry,train,File:Circuit de Monaco - Entrée de la Pitlane (54783149077).jpg,crash71100,CC0,http://creativecommons.org/publicdomain/zero/1.0/deed.en,https://commons.wikimedia.org/wiki/File:Circuit_de_Monaco_-_Entr%C3%A9e_de_la_Pitlane_(54783149077).jpg
train/Dry/86da3949370e6c0f.jpg,Dry,train,File:My view for the weekend (6019804586).jpg,"Mat Hampson from Philadelphia, USA",CC BY-SA 2.0,https://creativecommons.org/licenses/by-sa/2.0,https://commons.wikimedia.org/wiki/File:My_view_for_the_weekend_(6019804586).jpg
train/Dry/cf0f7d7efbb7de45.jpg,Dry,train,File:Pedro de la Rosa 2012 Malaysia FP1.jpg,Morio,CC BY-SA 3.0,https://creativecommons.org/licenses/by-sa/3.0,https://commons.wikimedia.org/wiki/File:Pedro_de_la_Rosa_2012_Malaysia_FP1.jpg
train/Dry/c72a19119494b0d9.jpg,Dry,train,File:Alguersuari China qualy 2010 (cropped).jpg,"Alguersuari_China_qualy_2010.jpg: Ilia Tsmykal from Blagoveschensk, Russia
derivative work: Chubbennaitor (talk)",CC BY-SA 2.0,https://creativecommons.org/licenses/by-sa/2.0,https://commons.wikimedia.org/wiki/File:Alguersuari_China_qualy_2010_(cropped).jpg
train/Dry/118f9216c56b49ad.jpg,Dry,train,File:Circuit de Monaco - Rascasse (54784306415).jpg,crash71100,CC0,http://creativecommons.org/publicdomain/zero/1.0/deed.en,https://commons.wikimedia.org/wiki/File:Circuit_de_Monaco_-_Rascasse_(54784306415).jpg
train/Dry/8416b0038f9c8cdc.jpg,Dry,train,"File:Grand Prix 68 Zandvoort .Joachim Bonnier, Bestanddeelnr 921-4593.jpg",Joost Evers / Anefo,CC0,http://creativecommons.org/publicdomain/zero/1.0/deed.en,"https://commons.wikimedia.org/wiki/File:Grand_Prix_68_Zandvoort_.Joachim_Bonnier,_Bestanddeelnr_921-4593.jpg"
train/Dry/31dc4c0ceebf118b.jpg,Dry,train,File:2011 Canadian GP - Webber-Schumacher.jpg,Mark McArdle from Canada,CC BY-SA 2.0,https://creativecommons.org/licenses/by-sa/2.0,https://commons.wikimedia.org/wiki/File:2011_Canadian_GP_-_Webber-Schumacher.jpg
train/Dry/820c824305a4d3c9.jpg,Dry,train,File:Formula 1600 (5822199187).jpg,ph-stop,CC BY-SA 2.0,https://creativecommons.org/licenses/by-sa/2.0,https://commons.wikimedia.org/wiki/File:Formula_1600_(5822199187).jpg
train/Dry/72eef0e8edf77764.jpg,Dry,train,File:Circuit de Monaco - Entrée Chicane du port (54783471796).jpg,crash71100,CC0,http://creativecommons.org/publicdomain/zero/1.0/deed.en,https://commons.wikimedia.org/wiki/File:Circuit_de_Monaco_-_Entr%C3%A9e_Chicane_du_port_(54783471796).jpg
train/Dry/e3d6b21f6951d390.jpg,Dry,train,File:USGP Austin Oct 2015 (21853586334).jpg,"Curt Smith from Bellevue, WA, USA",CC BY 2.0,https://creativecommons.org/licenses/by/2.0,https://commons.wikimedia.org/wiki/File:USGP_Austin_Oct_2015_(21853586334).jpg
train/Dry/74941e080717410d.jpg,Dry,train,File:2007 Japanese GP FH020018 (4836989743).jpg,nimame,CC BY 2.0,https://creativecommons.org/licenses/by/2.0,https://commons.wikimedia.org/wiki/File:2007_Japanese_GP_FH020018_(4836989743).jpg
train/Dry/307999a82d52eb8b.jpg,Dry,train,File:2011 Canadian Grand Prix (5822194483).jpg,ph-stop,CC BY-SA 2.0,https://creativecommons.org/licenses/by-sa/2.0,https://commons.wikimedia.org/wiki/File:2011_Canadian_Grand_Prix_(5822194483).jpg
train/Dry/811391e939a1a186.jpg,Dry,train,File:2011 Canadian GP Friday 17.jpg,Mark McArdle from Canada,CC BY-SA 2.0,https://creativecommons.org/licenses/by-sa/2.0,https://commons.wikimedia.org/wiki/File:2011_Canadian_GP_Friday_17.jpg
train/Dry/ed18a3f8e38666ca.jpg,Dry,train,File:Circuit de Monaco - Virage Anthony Noghes (54798764807).jpg,crash71100,CC0,http://creativecommons.org/publicdomain/zero/1.0/deed.en,https://commons.wikimedia.org/wiki/File:Circuit_de_Monaco_-_Virage_Anthony_Noghes_(54798764807).jpg
train/Dry/2fd8492cdc4ee145.jpg,Dry,train,File:USGP Austin Oct 2015 (22289496379).jpg,"Curt Smith from Bellevue, WA, USA",CC BY 2.0,https://creativecommons.org/licenses/by/2.0,https://commons.wikimedia.org/wiki/File:USGP_Austin_Oct_2015_(22289496379).jpg
train/Dry/485f8a3c11d2cf13.jpg,Dry,train,File:2019 Japanese Grand Prix George Russell (49043109563).jpg,Takayuki Suzuki,CC BY-SA 2.0,https://creativecommons.org/licenses/by-sa/2.0,https://commons.wikimedia.org/wiki/File:2019_Japanese_Grand_Prix_George_Russell_(49043109563).jpg
train/Dry/6510654799d0e057.jpg,Dry,train,File:La Lamborghini n°63 (Grasser Racing Team) vainqueur des 24 Heures de Spa 2025.jpg,Pitchdobrasil,CC BY-SA 4.0,https://creativecommons.org/licenses/by-sa/4.0,https://commons.wikimedia.org/wiki/File:La_Lamborghini_n%C2%B063_(Grasser_Racing_Team)_vainqueur_des_24_Heures_de_Spa_2025.jpg
train/Dry/993fc56cdb09784b.jpg,Dry,train,File:Jean-Eric Vergne 2012 Malaysia FP1.jpg,Morio,CC BY-SA 3.0,https://creativecommons.org/licenses/by-sa/3.0,https://commons.wikimedia.org/wiki/File:Jean-Eric_Vergne_2012_Malaysia_FP1.jpg
train/Dry/450d068f55e39ed0.jpg,Dry,train,File:Circuit de Monaco - Sortie du virage de la piscine (54783077002).jpg,crash71100,CC0,http://creativecommons.org/publicdomain/zero/1.0/deed.en,https://commons.wikimedia.org/wiki/File:Circuit_de_Monaco_-_Sortie_du_virage_de_la_piscine_(54783077002).jpg
train/Dry/15beaf2d82937432.jpg,Dry,train,File:2007 Japanese GP FH030019 (4837602736).jpg,nimame,CC BY 2.0,https://creativecommons.org/licenses/by/2.0,https://commons.wikimedia.org/wiki/File:2007_Japanese_GP_FH030019_(4837602736).jpg
train/Dry/ff61a5e3aa364953.jpg,Dry,train,File:Circuit de Monaco - Virage de la Piscine (54783717016).jpg,crash71100,CC0,http://creativecommons.org/publicdomain/zero/1.0/deed.en,https://commons.wikimedia.org/wiki/File:Circuit_de_Monaco_-_Virage_de_la_Piscine_(54783717016).jpg
train/Dry/bbdd05189d711151.jpg,Dry,train,File:2011 Canadian Grand Prix (5820417271).jpg,ph-stop,CC BY-SA 2.0,https://creativecommons.org/licenses/by-sa/2.0,https://commons.wikimedia.org/wiki/File:2011_Canadian_Grand_Prix_(5820417271).jpg
train/Dry/b1f14b42a1e67063.jpg,Dry,train,File:Teflonso (6019272479).jpg,"Mat Hampson from Philadelphia, USA",CC BY-SA 2.0,https://creativecommons.org/licenses/by-sa/2.0,https://commons.wikimedia.org/wiki/File:Teflonso_(6019272479).jpg
train/Dry/442c88d4e7674f03.jpg,Dry,train,File:Jenson Button 2008 Monaco.jpg,"Cord Rodefeld from Ulm, Germany",CC BY-SA 2.0,https://creativecommons.org/licenses/by-sa/2.0,https://commons.wikimedia.org/wiki/File:Jenson_Button_2008_Monaco.jpg
train/Dry/a450cca3f644596b.jpg,Dry,train,File:Circuit de Monaco - Virage de la Piscine (54783720566).jpg,crash71100,CC0,http://creativecommons.org/publicdomain/zero/1.0/deed.en,https://commons.wikimedia.org/wiki/File:Circuit_de_Monaco_-_Virage_de_la_Piscine_(54783720566).jpg
train/Dry/bcbf93df37cc191a.jpg,Dry,train,File:Ginetta GT4 Supercup Silverstone 2019.jpg,BWard 1997,CC BY 4.0,https://creativecommons.org/licenses/by/4.0,https://commons.wikimedia.org/wiki/File:Ginetta_GT4_Supercup_Silverstone_2019.jpg
train/Dry/e211719cf7b1d743.jpg,Dry,train,File:Vlok Euro F3 Hungaroring 2012.jpg,Hjc2010,CC BY-SA 3.0,https://creativecommons.org/licenses/by-sa/3.0,https://commons.wikimedia.org/wiki/File:Vlok_Euro_F3_Hungaroring_2012.jpg
train/Dry/c328cdb6ad07ff8a.jpg,Dry,train,File:2007 Japanese GP FH000016 (4836986503).jpg,nimame,CC BY 2.0,https://creativecommons.org/licenses/by/2.0,https://commons.wikimedia.org/wiki/File:2007_Japanese_GP_FH000016_(4836986503).jpg
train/Dry/aa4a8e8f0b680384.jpg,Dry,train,File:Circuit de Monaco - Entrée de la pit lane (54784861913).jpg,crash71100,CC0,http://creativecommons.org/publicdomain/zero/1.0/deed.en,https://commons.wikimedia.org/wiki/File:Circuit_de_Monaco_-_Entr%C3%A9e_de_la_pit_lane_(54784861913).jpg
train/Dry/60ce3b9ca272a8a1.jpg,Dry,train,"File:Hungaroring, Formula-1 sculpture (Ank kumar) 08.jpg",Ank kumar,CC BY-SA 4.0,https://creativecommons.org/licenses/by-sa/4.0,"https://commons.wikimedia.org/wiki/File:Hungaroring,_Formula-1_sculpture_(Ank_kumar)_08.jpg"
train/Dry/328ae4a52eb72414.jpg,Dry,train,File:Driving Center Clubhouse.jpg,Francois Oreca,CC BY-SA 3.0,https://creativecommons.org/licenses/by-sa/3.0,https://commons.wikimedia.org/wiki/File:Driving_Center_Clubhouse.jpg
train/Dry/b300f366861484b1.jpg,Dry,train,File:2007 Japanese GP FH000017 (4837598264).jpg,nimame,CC BY 2.0,https://creativecommons.org/licenses/by/2.0,https://commons.wikimedia.org/wiki/File:2007_Japanese_GP_FH000017_(4837598264).jpg
train/Dry/433484360027e9db.jpg,Dry,train,File:Felipe Massa Bahrain 2015.jpg,David Miras,Public domain,,https://commons.wikimedia.org/wiki/File:Felipe_Massa_Bahrain_2015.jpg
train/Dry/a2752c157a3374a4.jpg,Dry,train,File:Sebastian Vettel 2012 Malaysia FP1.jpg,Morio,CC BY-SA 3.0,https://creativecommons.org/licenses/by-sa/3.0,https://commons.wikimedia.org/wiki/File:Sebastian_Vettel_2012_Malaysia_FP1.jpg
train/Dry/00e700562349a8b1.jpg,Dry,train,File:United Autosports ELMS Red Bull Ring 2017-218.jpg,United Autosports,CC BY-SA 2.0,https://creativecommons.org/licenses/by-sa/2.0,https://commons.wikimedia.org/wiki/File:United_Autosports_ELMS_Red_Bull_Ring_2017-218.jpg
train/Dry/463807d5ee32e91a.jpg,Dry,train,"File:Lando Norris, Formel 4 2015.JPG",Chris501,CC BY-SA 3.0,https://creativecommons.org/licenses/by-sa/3.0,"https://commons.wikimedia.org/wiki/File:Lando_Norris,_Formel_4_2015.JPG"
train/Dry/ac0bd2a53c6fc1b2.jpg,Dry,train,File:Pierre Gasly during Hungarian Formula 1 GP - Q1.jpg,Michał Obrochta,CC BY-SA 4.0,https://creativecommons.org/licenses/by-sa/4.0,https://commons.wikimedia.org/wiki/File:Pierre_Gasly_during_Hungarian_Formula_1_GP_-_Q1.jpg
train/Dry/8f0110faead03c52.jpg,Dry,train,File:SC (5819620090).jpg,ph-stop,CC BY-SA 2.0,https://creativecommons.org/licenses/by-sa/2.0,https://commons.wikimedia.org/wiki/File:SC_(5819620090).jpg
train/Dry/5c68afd5aac325b1.jpg,Dry,train,File:StuckHansJ1976-07-31.jpg,Lothar Spurzem,CC BY-SA 2.0 de,https://creativecommons.org/licenses/by-sa/2.0/de/deed.en,https://commons.wikimedia.org/wiki/File:StuckHansJ1976-07-31.jpg
train/Dry/b59f2debc0209baa.jpg,Dry,train,File:Circuit de Monaco - Rascasse (54783127602).jpg,crash71100,CC0,http://creativecommons.org/publicdomain/zero/1.0/deed.en,https://commons.wikimedia.org/wiki/File:Circuit_de_Monaco_-_Rascasse_(54783127602).jpg
train/Dry/8ff0039d9f8c79f4.jpg,Dry,train,File:RedBull Williams China 2006.jpg,Limemonkey from China,CC BY 2.0,https://creativecommons.org/licenses/by/2.0,https://commons.wikimedia.org/wiki/File:RedBull_Williams_China_2006.jpg
train/Dry/7320684b63fafb2a.jpg,Dry,train,File:Felipe Massa '08 British Grand Prix.jpg,big-ashb,CC BY 2.0,https://creativecommons.org/licenses/by/2.0,https://commons.wikimedia.org/wiki/File:Felipe_Massa_%2708_British_Grand_Prix.jpg
train/Dry/6c6be846c9a45ec3.jpg,Dry,train,File:2011 Canadian Grand Prix (5819627874).jpg,ph-stop,CC BY-SA 2.0,https://creativecommons.org/licenses/by-sa/2.0,https://commons.wikimedia.org/wiki/File:2011_Canadian_Grand_Prix_(5819627874).jpg
train/Dry/31f485f8a61f0cf1.jpg,Dry,train,File:Alonso Chinese GP qualy 2010.jpg,Drew,CC BY 2.0,https://creativecommons.org/licenses/by/2.0,https://commons.wikimedia.org/wiki/File:Alonso_Chinese_GP_qualy_2010.jpg
train/Dry/017f7a2199514962.jpg,Dry,train,File:Rubens Barrichello 2008 Monaco.jpg,"Cord Rodefeld from Ulm, Germany",CC BY-SA 2.0,https://creativecommons.org/licenses/by-sa/2.0,https://commons.wikimedia.org/wiki/File:Rubens_Barrichello_2008_Monaco.jpg
train/Dry/92a36daf2f0570b4.jpg,Dry,train,File:Daniel Ricciardo 2012 Malaysia FP2 1.jpg,Morio,CC BY-SA 3.0,https://creativecommons.org/licenses/by-sa/3.0,https://commons.wikimedia.org/wiki/File:Daniel_Ricciardo_2012_Malaysia_FP2_1.jpg
train/Dry/d0c22c766dd9c359.jpg,Dry,train,File:Sebastien Bourdais 2008 Britain.jpg,"David Hunt from Warwickshire, UK",CC BY 2.0,https://creativecommons.org/licenses/by/2.0,https://commons.wikimedia.org/wiki/File:Sebastien_Bourdais_2008_Britain.jpg
train/Dry/55ec3206dda08574.jpg,Dry,train,File:USGP Austin Oct 2015 (22462944282).jpg,"Curt Smith from Bellevue, WA, USA",CC BY 2.0,https://creativecommons.org/licenses/by/2.0,https://commons.wikimedia.org/wiki/File:USGP_Austin_Oct_2015_(22462944282).jpg
train/Dry/9a877fea67497f6d.jpg,Dry,train,File:Formula 1 Safety Car Mercedes-AMG GT R.jpg,Michał Obrochta,CC BY-SA 4.0,https://creativecommons.org/licenses/by-sa/4.0,https://commons.wikimedia.org/wiki/File:Formula_1_Safety_Car_Mercedes-AMG_GT_R.jpg
train/Dry/be3c70148bf1423b.jpg,Dry,train,"File:Riley Racing Six, 1500 cm³, Bj. 1935 (2007-06-17).jpg",Lothar Spurzem,CC BY-SA 2.0 de,https://creativecommons.org/licenses/by-sa/2.0/de/deed.en,"https://commons.wikimedia.org/wiki/File:Riley_Racing_Six,_1500_cm%C2%B3,_Bj._1935_(2007-06-17).jpg"
train/Dry/807640b992845025.jpg,Dry,train,File:Circuit de Monaco - Épingle du Loews Fairmont (54777022015).jpg,crash71100,CC0,http://creativecommons.org/publicdomain/zero/1.0/deed.en,https://commons.wikimedia.org/wiki/File:Circuit_de_Monaco_-_%C3%89pingle_du_Loews_Fairmont_(54777022015).jpg
train/Dry/29fc835c52d7c460.jpg,Dry,train,File:Tour de France 2017 - Etape 3 - Sur le circuit de Spa Francorchamps 001.jpg,TourDeFrance2017,CC0,http://creativecommons.org/publicdomain/zero/1.0/deed.en,https://commons.wikimedia.org/wiki/File:Tour_de_France_2017_-_Etape_3_-_Sur_le_circuit_de_Spa_Francorchamps_001.jpg
train/Dry/1e6e70b74c1c18fd.jpg,Dry,train,File:Sebastian Vettel 2012 Malaysia FP2.jpg,Morio,CC BY-SA 3.0,https://creativecommons.org/licenses/by-sa/3.0,https://commons.wikimedia.org/wiki/File:Sebastian_Vettel_2012_Malaysia_FP2.jpg
train/Dry/965f044ec6359a2c.jpg,Dry,train,File:Nürburgring - panoramio (1).jpg,qwesy qwesy,CC BY 3.0,https://creativecommons.org/licenses/by/3.0,https://commons.wikimedia.org/wiki/File:N%C3%BCrburgring_-_panoramio_(1).jpg
train/Dry/e7773a0fc882a5db.jpg,Dry,train,File:Circuit de Spa-Francorchamps 05.jpg,FrDr,CC BY-SA 4.0,https://creativecommons.org/licenses/by-sa/4.0,https://commons.wikimedia.org/wiki/File:Circuit_de_Spa-Francorchamps_05.jpg
train/Dry/eab0b356b7729e7e.jpg,Dry,train,File:Robert Herjavec (5819631194).jpg,ph-stop,CC BY-SA 2.0,https://creativecommons.org/licenses/by-sa/2.0,https://commons.wikimedia.org/wiki/File:Robert_Herjavec_(5819631194).jpg
train/Dry/405857fa135ed5b2.jpg,Dry,train,File:Lando Norris during Hungarian Formula 1 GP.jpg,Michał Obrochta,CC BY-SA 4.0,https://creativecommons.org/licenses/by-sa/4.0,https://commons.wikimedia.org/wiki/File:Lando_Norris_during_Hungarian_Formula_1_GP.jpg
train/Dry/66f84158562d18d2.jpg,Dry,train,File:Jarno Trulli 2008 Britain 4.jpg,"David Hunt from Warwickshire, UK",CC BY 2.0,https://creativecommons.org/licenses/by/2.0,https://commons.wikimedia.org/wiki/File:Jarno_Trulli_2008_Britain_4.jpg
train/Dry/45adf8bb9dd1aa51.jpg,Dry,train,File:2011 Canadian GP Friday 04.jpg,Mark McArdle from Canada,CC BY-SA 2.0,https://creativecommons.org/licenses/by-sa/2.0,https://commons.wikimedia.org/wiki/File:2011_Canadian_GP_Friday_04.jpg
train/Dry/52c30c60a98b2bef.jpg,Dry,train,File:Daniel Ricciardo 2012 Malaysia FP2 2.jpg,Morio,CC BY-SA 3.0,https://creativecommons.org/licenses/by-sa/3.0,https://commons.wikimedia.org/wiki/File:Daniel_Ricciardo_2012_Malaysia_FP2_2.jpg
train/Dry/238854a22c795415.jpg,Dry,train,"File:Joel Eriksson, Formel 4 2015.JPG",Chris501,CC BY-SA 3.0,https://creativecommons.org/licenses/by-sa/3.0,"https://commons.wikimedia.org/wiki/File:Joel_Eriksson,_Formel_4_2015.JPG"
train/Dry/fa96740dcc62db9b.jpg,Dry,train,File:Alguersuari China qualy 2010.jpg,"Ilia Tsmykal from Blagoveschensk, Russia",CC BY-SA 2.0,https://creativecommons.org/licenses/by-sa/2.0,https://commons.wikimedia.org/wiki/File:Alguersuari_China_qualy_2010.jpg
train/Dry/e697b06bac463f82.jpg,Dry,train,"File:Noida Buddha Circuit, Formula One 2013 (Ank kumar) 01.jpg",Ank Kumar,CC BY-SA 4.0,https://creativecommons.org/licenses/by-sa/4.0,"https://commons.wikimedia.org/wiki/File:Noida_Buddha_Circuit,_Formula_One_2013_(Ank_kumar)_01.jpg"
train/Dry/bb183b637d8e8480.jpg,Dry,train,File:Mark Webber 2012 Malaysia FP3.jpg,Morio,CC BY-SA 3.0,https://creativecommons.org/licenses/by-sa/3.0,https://commons.wikimedia.org/wiki/File:Mark_Webber_2012_Malaysia_FP3.jpg
train/Dry/2e22664077897e42.jpg,Dry,train,File:Circuit de Monaco - Alpine box (54799623369).jpg,crash71100,CC0,http://creativecommons.org/publicdomain/zero/1.0/deed.en,https://commons.wikimedia.org/wiki/File:Circuit_de_Monaco_-_Alpine_box_(54799623369).jpg
train/Dry/60a52764b115a679.jpg,Dry,train,File:Nick Heidfeld 2008 Monaco.jpg,"Cord Rodefeld from Ulm, Germany",CC BY-SA 2.0,https://creativecommons.org/licenses/by-sa/2.0,https://commons.wikimedia.org/wiki/File:Nick_Heidfeld_2008_Monaco.jpg
train/Dry/01e548e8931a87e1.jpg,Dry,train,File:Formula 1600 (5822197481).jpg,ph-stop,CC BY-SA 2.0,https://creativecommons.org/licenses/by-sa/2.0,https://commons.wikimedia.org/wiki/File:Formula_1600_(5822197481).jpg
train/Dry/000c1d508a1bbac3.jpg,Dry,train,File:Petrov China GP 2010 (cropped).jpg,"Petrov_China_GP_2010.jpg: Ilia Tsmykal from Blagoveschensk, Russia
derivative work: Chubbennaitor (talk)",CC BY-SA 2.0,https://creativecommons.org/licenses/by-sa/2.0,https://commons.wikimedia.org/wiki/File:Petrov_China_GP_2010_(cropped).jpg
train/Dry/03a031334699711e.jpg,Dry,train,File:Circuit de Monaco - Virage Anthony Noghes (54799669283).jpg,crash71100,CC0,http://creativecommons.org/publicdomain/zero/1.0/deed.en,https://commons.wikimedia.org/wiki/File:Circuit_de_Monaco_-_Virage_Anthony_Noghes_(54799669283).jpg
train/Dry/d2c50802ccc329b4.jpg,Dry,train,File:2007 Japanese GP FH010019 (4837600010).jpg,nimame,CC BY 2.0,https://creativecommons.org/licenses/by/2.0,https://commons.wikimedia.org/wiki/File:2007_Japanese_GP_FH010019_(4837600010).jpg
train/Dry/d5bc91b8a543d1d0.jpg,Dry,train,File:Heikki Kovalainen 2008 Britain.jpg,"Marc Evans from Newbury, UK",CC BY-SA 2.0,https://creativecommons.org/licenses/by-sa/2.0,https://commons.wikimedia.org/wiki/File:Heikki_Kovalainen_2008_Britain.jpg
train/Dry/08d166ecef57a048.jpg,Dry,train,File:Circuit de Monaco - Virage de Mirabeau (54776865904).jpg,crash71100,CC0,http://creativecommons.org/publicdomain/zero/1.0/deed.en,https://commons.wikimedia.org/wiki/File:Circuit_de_Monaco_-_Virage_de_Mirabeau_(54776865904).jpg
train/Dry/8af7e45540e12605.jpg,Dry,train,File:Stewart at 1968 Dutch Grand Prix (3).jpg,"Evers, Joost / Anefo / neg. stroken, 1945-1989, 2.24.01.05, item number 921-4602",CC BY-SA 3.0 nl,https://creativecommons.org/licenses/by-sa/3.0/nl/deed.en,https://commons.wikimedia.org/wiki/File:Stewart_at_1968_Dutch_Grand_Prix_(3).jpg
train/Dry/c13a05e3d79c5217.jpg,Dry,train,File:2007 Japanese GP FH010010 (4836988249).jpg,nimame,CC BY 2.0,https://creativecommons.org/licenses/by/2.0,https://commons.wikimedia.org/wiki/File:2007_Japanese_GP_FH010010_(4836988249).jpg
train/Dry/8118bb85ace811a7.jpg,Dry,train,File:Race07CAN.png,Odor,CC BY-SA 3.0,https://creativecommons.org/licenses/by-sa/3.0,https://commons.wikimedia.org/wiki/File:Race07CAN.png
train/Dry/f151b75b836f9baf.jpg,Dry,train,File:パラボリカの外側から：ウィリアムズ (36957204796).jpg,nimame,CC BY 2.0,https://creativecommons.org/licenses/by/2.0,https://commons.wikimedia.org/wiki/File:%E3%83%91%E3%83%A9%E3%83%9C%E3%83%AA%E3%82%AB%E3%81%AE%E5%A4%96%E5%81%B4%E3%81%8B%E3%82%89%EF%BC%9A%E3%82%A6%E3%82%A3%E3%83%AA%E3%82%A2%E3%83%A0%E3%82%BA_(36957204796).jpg
train/Dry/bd32dc81c5633a50.jpg,Dry,train,File:Sebastian Vettel (4948448899).jpg,"Nic Redhead from Birmingham, UK",CC BY-SA 2.0,https://creativecommons.org/licenses/by-sa/2.0,https://commons.wikimedia.org/wiki/File:Sebastian_Vettel_(4948448899).jpg
train/Dry/5fc194c1113f4fa8.jpg,Dry,train,File:File op de Nürburgring Nordschleife (7638844772).jpg,"Niels Broekzitter from Piershil, The Netherlands",CC BY 2.0,https://creativecommons.org/licenses/by/2.0,https://commons.wikimedia.org/wiki/File:File_op_de_N%C3%BCrburgring_Nordschleife_(7638844772).jpg
train/Dry/60c4713ce3d361da.jpg,Dry,train,File:Buemi Chinese GP qualy 2010 (cropped).jpg,"Buemi_Chinese_GP_qualy_2010.jpg: Drew
derivative work: Chubbennaitor (talk)",CC BY 2.0,https://creativecommons.org/licenses/by/2.0,https://commons.wikimedia.org/wiki/File:Buemi_Chinese_GP_qualy_2010_(cropped).jpg
train/Dry/e378566d1e235894.jpg,Dry,train,File:Robert Kubica (4948394299).jpg,"Nic Redhead from Birmingham, UK",CC BY-SA 2.0,https://creativecommons.org/licenses/by-sa/2.0,https://commons.wikimedia.org/wiki/File:Robert_Kubica_(4948394299).jpg
train/Dry/f4f94360da48b86e.jpg,Dry,train,"File:Grand Prix Zandvoort , training, Lorenzo Bandini met Ferrari, Bestanddeelnr 919-3822.jpg",Eric Koch for Anefo,CC0,http://creativecommons.org/publicdomain/zero/1.0/deed.en,"https://commons.wikimedia.org/wiki/File:Grand_Prix_Zandvoort_,_training,_Lorenzo_Bandini_met_Ferrari,_Bestanddeelnr_919-3822.jpg"
train/Dry/394649790f27f9c7.jpg,Dry,train,File:Fia Wec Nürburgring 2015 The Heat Begins (123739183).jpeg,Thomas Füßler,CC BY 3.0,https://creativecommons.org/licenses/by/3.0,https://commons.wikimedia.org/wiki/File:Fia_Wec_N%C3%BCrburgring_2015_The_Heat_Begins_(123739183).jpeg
train/Dry/4f49908ea6fed440.jpg,Dry,train,File:Nürburgring Eifeldorf Grüne Hölle 2010.jpg,Holger Weinandt,CC BY-SA 3.0 de,https://creativecommons.org/licenses/by-sa/3.0/de/deed.en,https://commons.wikimedia.org/wiki/File:N%C3%BCrburgring_Eifeldorf_Gr%C3%BCne_H%C3%B6lle_2010.jpg
train/Dry/ad812b06a6f08215.jpg,Dry,train,"File:Grand Prix Zandvoort , training, Lorenzo Bandini met Ferrari, Bestanddeelnr 919-3822 (cropped).jpg",Eric Koch for Anefo,CC0,http://creativecommons.org/publicdomain/zero/1.0/deed.en,"https://commons.wikimedia.org/wiki/File:Grand_Prix_Zandvoort_,_training,_Lorenzo_Bandini_met_Ferrari,_Bestanddeelnr_919-3822_(cropped).jpg"
train/Dry/6f2d4ee661721a54.jpg,Dry,train,File:USGP Austin Oct 2015 (22487309221).jpg,"Curt Smith from Bellevue, WA, USA",CC BY 2.0,https://creativecommons.org/licenses/by/2.0,https://commons.wikimedia.org/wiki/File:USGP_Austin_Oct_2015_(22487309221).jpg
train/Dry/42872b99f4f2efdc.jpg,Dry,train,File:Vitantonio Liuzzi Canada.jpg,Imtiaz Ahmed,CC BY 2.0,https://creativecommons.org/licenses/by/2.0,https://commons.wikimedia.org/wiki/File:Vitantonio_Liuzzi_Canada.jpg
train/Dry/bd6dc7c037924352.jpg,Dry,train,File:Record absolu de Philippe Monneret.jpg,Philippe Monneret,CC BY-SA 4.0,https://creativecommons.org/licenses/by-sa/4.0,https://commons.wikimedia.org/wiki/File:Record_absolu_de_Philippe_Monneret.jpg
train/Dry/9bf04addb7afb3ac.jpg,Dry,train,File:Lewis Hamilton 2008 Britain 4.jpg,"Marc Evans from Newbury, UK",CC BY-SA 2.0,https://creativecommons.org/licenses/by-sa/2.0,https://commons.wikimedia.org/wiki/File:Lewis_Hamilton_2008_Britain_4.jpg
train/Dry/8d2b35128dc2a134.jpg,Dry,train,File:Circuit de Monaco - Rascasse (54784208274).jpg,crash71100,CC0,http://creativecommons.org/publicdomain/zero/1.0/deed.en,https://commons.wikimedia.org/wiki/File:Circuit_de_Monaco_-_Rascasse_(54784208274).jpg
train/Dry/fe45b31669c0cd88.jpg,Dry,train,"File:Red Bull racing, Noida F1 2013(Ank Kumar) 03.jpg",Ank kumar,CC BY-SA 4.0,https://creativecommons.org/licenses/by-sa/4.0,"https://commons.wikimedia.org/wiki/File:Red_Bull_racing,_Noida_F1_2013(Ank_Kumar)_03.jpg"
train/Dry/9334542710fefeaf.jpg,Dry,train,File:Mark Webber 2012 Malaysia FP2 2.jpg,Morio,CC BY-SA 3.0,https://creativecommons.org/licenses/by-sa/3.0,https://commons.wikimedia.org/wiki/File:Mark_Webber_2012_Malaysia_FP2_2.jpg
train/Dry/8d518546eee02b3c.jpg,Dry,train,File:Circuit de Monaco - Virage Anthony Nogues (54784246198).jpg,crash71100,CC0,http://creativecommons.org/publicdomain/zero/1.0/deed.en,https://commons.wikimedia.org/wiki/File:Circuit_de_Monaco_-_Virage_Anthony_Nogues_(54784246198).jpg
train/Dry/299b740a21a28efd.jpg,Dry,train,File:C5 going By - geograph.org.uk - 4633143.jpg,Bill Nicholls,CC BY-SA 2.0,https://creativecommons.org/licenses/by-sa/2.0,https://commons.wikimedia.org/wiki/File:C5_going_By_-_geograph.org.uk_-_4633143.jpg
train/Dry/b18b589567544af3.jpg,Dry,train,"File:Grand Prix 68 Zandvoort . Jackie Stewart, Bestanddeelnr 921-4589.jpg",Joost Evers / Anefo,CC0,http://creativecommons.org/publicdomain/zero/1.0/deed.en,"https://commons.wikimedia.org/wiki/File:Grand_Prix_68_Zandvoort_._Jackie_Stewart,_Bestanddeelnr_921-4589.jpg"
train/Dry/0b9d8aa6cb98515d.jpg,Dry,train,File:Circuit de Monaco - Virage de Sainte-Dévote (54763464704).jpg,crash71100,CC0,http://creativecommons.org/publicdomain/zero/1.0/deed.en,https://commons.wikimedia.org/wiki/File:Circuit_de_Monaco_-_Virage_de_Sainte-D%C3%A9vote_(54763464704).jpg
train/Dry/2bf004f5fb9a3986.jpg,Dry,train,"File:Grand Prix 68 Zandvoort. Jackie Stewart in de regen, Bestanddeelnr 921-4604.jpg",Joost Evers / Anefo,CC0,http://creativecommons.org/publicdomain/zero/1.0/deed.en,"https://commons.wikimedia.org/wiki/File:Grand_Prix_68_Zandvoort._Jackie_Stewart_in_de_regen,_Bestanddeelnr_921-4604.jpg"
train/Dry/bc2caeaf46ea4eaf.jpg,Dry,train,File:Massa (6019262169).jpg,"Mat Hampson from Philadelphia, USA",CC BY-SA 2.0,https://creativecommons.org/licenses/by-sa/2.0,https://commons.wikimedia.org/wiki/File:Massa_(6019262169).jpg
train/Dry/cf69e0e6eeaf820c.jpg,Dry,train,File:DZ Viper.JPG,Crobarde,Public domain,,https://commons.wikimedia.org/wiki/File:DZ_Viper.JPG
train/Dry/cdb07e786c924914.jpg,Dry,train,File:Circuit de Monaco - Entrée de l'épingle du Loews Fairmont (54775825082).jpg,crash71100,CC0,http://creativecommons.org/publicdomain/zero/1.0/deed.en,https://commons.wikimedia.org/wiki/File:Circuit_de_Monaco_-_Entr%C3%A9e_de_l%27%C3%A9pingle_du_Loews_Fairmont_(54775825082).jpg
train/Dry/7305ff8bf61050b7.jpg,Dry,train,File:Circuit de Spa-Francorchamps John Deere 6175R (DSC05102).jpg,MarcelX42,CC BY-SA 4.0,https://creativecommons.org/licenses/by-sa/4.0,https://commons.wikimedia.org/wiki/File:Circuit_de_Spa-Francorchamps_John_Deere_6175R_(DSC05102).jpg
train/Dry/0289cd85362bce74.jpg,Dry,train,File:Ricciardo Japan 2015.jpg,Keisuke Kariya,CC BY 2.0,https://creativecommons.org/licenses/by/2.0,https://commons.wikimedia.org/wiki/File:Ricciardo_Japan_2015.jpg
train/Dry/f0bf7bab6acd4e57.jpg,Dry,train,File:Bruno Senna 2012 Malaysia Qualify.jpg,Morio,CC BY-SA 3.0,https://creativecommons.org/licenses/by-sa/3.0,https://commons.wikimedia.org/wiki/File:Bruno_Senna_2012_Malaysia_Qualify.jpg
train/Dry/9e6891fa03c7b0c6.jpg,Dry,train,File:Circuit de Monaco - Entrée de la pit lane (54784239573).jpg,crash71100,CC0,http://creativecommons.org/publicdomain/zero/1.0/deed.en,https://commons.wikimedia.org/wiki/File:Circuit_de_Monaco_-_Entr%C3%A9e_de_la_pit_lane_(54784239573).jpg
train/Dry/2a5d08b669c0607b.jpg,Dry,train,File:2011 Canadian GP Friday 01.jpg,Mark McArdle from Canada,CC BY-SA 2.0,https://creativecommons.org/licenses/by-sa/2.0,https://commons.wikimedia.org/wiki/File:2011_Canadian_GP_Friday_01.jpg
train/Dry/b48e5ccbe6160337.jpg,Dry,train,File:2018 British Grand Prix Croft (41933328110) (cropped).jpg,https://www.flickr.com/photos/69527563@N05/,CC BY 2.0,https://creativecommons.org/licenses/by/2.0,https://commons.wikimedia.org/wiki/File:2018_British_Grand_Prix_Croft_(41933328110)_(cropped).jpg
train/Dry/bf390d66873d76e0.jpg,Dry,train,File:2019 Japanese Grand Prix Daniil Kvyat.jpg,らっぷくん,CC BY-SA 4.0,https://creativecommons.org/licenses/by-sa/4.0,https://commons.wikimedia.org/wiki/File:2019_Japanese_Grand_Prix_Daniil_Kvyat.jpg
train/Dry/b441c206aad9fe00.jpg,Dry,train,File:Ickx at 1968 Dutch Grand Prix (2).jpg,"Evers, Joost / Anefo / neg. stroken, 1945-1989, 2.24.01.05, item number 921-4599",CC BY-SA 3.0 nl,https://creativecommons.org/licenses/by-sa/3.0/nl/deed.en,https://commons.wikimedia.org/wiki/File:Ickx_at_1968_Dutch_Grand_Prix_(2).jpg
train/Dry/b667c8e37b9b697d.jpg,Dry,train,File:Sebastian Vettel (4948413491).jpg,"Nic Redhead from Birmingham, UK",CC BY-SA 2.0,https://creativecommons.org/licenses/by-sa/2.0,https://commons.wikimedia.org/wiki/File:Sebastian_Vettel_(4948413491).jpg
train/Dry/c8483ea8d7ece594.jpg,Dry,train,"File:Grand Prix 68 Zandvoort. Jackie Stewart (8) en Chris Amon (9), Bestanddeelnr 921-4587.jpg",Joost Evers / Anefo,CC0,http://creativecommons.org/publicdomain/zero/1.0/deed.en,"https://commons.wikimedia.org/wiki/File:Grand_Prix_68_Zandvoort._Jackie_Stewart_(8)_en_Chris_Amon_(9),_Bestanddeelnr_921-4587.jpg"
train/Dry/d35d6b40279d2f23.jpg,Dry,train,File:Heikki Kovalainen 2008 Britain 2.jpg,"David Hunt from Warwickshire, UK",CC BY 2.0,https://creativecommons.org/licenses/by/2.0,https://commons.wikimedia.org/wiki/File:Heikki_Kovalainen_2008_Britain_2.jpg
train/Dry/397257156b81ddc8.jpg,Dry,train,File:ETCC2016field.jpg,Mieguy,CC BY-SA 4.0,https://creativecommons.org/licenses/by-sa/4.0,https://commons.wikimedia.org/wiki/File:ETCC2016field.jpg
train/Dry/4258fbef77bfea7e.jpg,Dry,train,File:USGP Austin 2015 (21907935784).jpg,"Curt Smith from Bellevue, WA, USA",CC BY 2.0,https://creativecommons.org/licenses/by/2.0,https://commons.wikimedia.org/wiki/File:USGP_Austin_2015_(21907935784).jpg
train/Dry/760c728cec0bc521.jpg,Dry,train,File:Formula 1600 (5822196773).jpg,ph-stop,CC BY-SA 2.0,https://creativecommons.org/licenses/by-sa/2.0,https://commons.wikimedia.org/wiki/File:Formula_1600_(5822196773).jpg
train/Dry/ef07345ac81da3d0.jpg,Dry,train,File:Lewis Hamilton 2008 Britain.jpg,"Marc Evans from Newbury, UK",CC BY-SA 2.0,https://creativecommons.org/licenses/by-sa/2.0,https://commons.wikimedia.org/wiki/File:Lewis_Hamilton_2008_Britain.jpg
train/Dry/f2bd67812a7ce45d.jpg,Dry,train,File:2011 Canadian GP Friday 03.jpg,Mark McArdle from Canada,CC BY-SA 2.0,https://creativecommons.org/licenses/by-sa/2.0,https://commons.wikimedia.org/wiki/File:2011_Canadian_GP_Friday_03.jpg
train/Dry/9fb7aa7149f4bdae.jpg,Dry,train,File:Nico Rosberg 2008 Monaco.jpg,"Cord Rodefeld from Ulm, Germany",CC BY-SA 2.0,https://creativecommons.org/licenses/by-sa/2.0,https://commons.wikimedia.org/wiki/File:Nico_Rosberg_2008_Monaco.jpg
train/Dry/fb28b9fd21f5588f.jpg,Dry,train,"File:Jüri Vips, ADAC Formel 4, Nürburgring 2017.jpg",F1Marv,CC BY-SA 4.0,https://creativecommons.org/licenses/by-sa/4.0,"https://commons.wikimedia.org/wiki/File:J%C3%BCri_Vips,_ADAC_Formel_4,_N%C3%BCrburgring_2017.jpg"
train/Dry/e38218cc63b0b829.jpg,Dry,train,"File:Sergey Sirotkin, Turn 6, Hungary 2015.jpg",Conradder,CC BY 4.0,https://creativecommons.org/licenses/by/4.0,"https://commons.wikimedia.org/wiki/File:Sergey_Sirotkin,_Turn_6,_Hungary_2015.jpg"
train/Dry/d56cb2ea5a145b03.jpg,Dry,train,File:Ferrari Challenge (5822765248).jpg,ph-stop,CC BY-SA 2.0,https://creativecommons.org/licenses/by-sa/2.0,https://commons.wikimedia.org/wiki/File:Ferrari_Challenge_(5822765248).jpg
train/Dry/a86440cc70c3751f.jpg,Dry,train,File:Phil hanson united autosports LigierJSP217 elms 2018 01.jpg,Phil Hanson Racing,CC BY 2.0,https://creativecommons.org/licenses/by/2.0,https://commons.wikimedia.org/wiki/File:Phil_hanson_united_autosports_LigierJSP217_elms_2018_01.jpg
train/Dry/d9b63530e332a60d.jpg,Dry,train,File:Stewart at 1968 Dutch Grand Prix (5).jpg,"Evers, Joost / Anefo / neg. stroken, 1945-1989, 2.24.01.05, item number 921-4605",CC BY-SA 3.0 nl,https://creativecommons.org/licenses/by-sa/3.0/nl/deed.en,https://commons.wikimedia.org/wiki/File:Stewart_at_1968_Dutch_Grand_Prix_(5).jpg
train/Dry/cbe2692277c31782.jpg,Dry,train,File:USGP Austin Oct 2015 (22288630268).jpg,"Curt Smith from Bellevue, WA, USA",CC BY 2.0,https://creativecommons.org/licenses/by/2.0,https://commons.wikimedia.org/wiki/File:USGP_Austin_Oct_2015_(22288630268).jpg
train/Dry/1e7afd0629ad3935.jpg,Dry,train,File:2018 British Grand Prix Croft (41933328110).jpg,https://www.flickr.com/photos/69527563@N05/,CC BY 2.0,https://creativecommons.org/licenses/by/2.0,https://commons.wikimedia.org/wiki/File:2018_British_Grand_Prix_Croft_(41933328110).jpg
train/Dry/8bdce098889f3f53.jpg,Dry,train,File:Sebastian Vettel during Hungarian Formula 1 GP.jpg,Michał Obrochta,CC BY-SA 4.0,https://creativecommons.org/licenses/by-sa/4.0,https://commons.wikimedia.org/wiki/File:Sebastian_Vettel_during_Hungarian_Formula_1_GP.jpg
train/Dry/4b47c4ddf174efa5.jpg,Dry,train,File:Ginetta GT4 Supercup Silverstone 2019 (1).jpg,BWard 1997,CC BY 4.0,https://creativecommons.org/licenses/by/4.0,https://commons.wikimedia.org/wiki/File:Ginetta_GT4_Supercup_Silverstone_2019_(1).jpg
train/Dry/87335b52f59384d9.jpg,Dry,train,File:2007 Japanese GP FH020017 (4837601022).jpg,nimame,CC BY 2.0,https://creativecommons.org/licenses/by/2.0,https://commons.wikimedia.org/wiki/File:2007_Japanese_GP_FH020017_(4837601022).jpg
train/Dry/b05aeee61172efb6.jpg,Dry,train,File:LM 05820.jpg,Enzo peugeot,CC BY-SA 4.0,https://creativecommons.org/licenses/by-sa/4.0,https://commons.wikimedia.org/wiki/File:LM_05820.jpg
train/Dry/eda7c5c10f18813a.jpg,Dry,train,File:USGP Austin Oct 2015 (21855127293).jpg,"Curt Smith from Bellevue, WA, USA",CC BY 2.0,https://creativecommons.org/licenses/by/2.0,https://commons.wikimedia.org/wiki/File:USGP_Austin_Oct_2015_(21855127293).jpg
train/Dry/6107cb0856d2aa7c.jpg,Dry,train,File:Jenson Button 2008 Britain.jpg,"Marc Evans from Newbury, UK",CC BY-SA 2.0,https://creativecommons.org/licenses/by-sa/2.0,https://commons.wikimedia.org/wiki/File:Jenson_Button_2008_Britain.jpg
train/Dry/de5da082f378dd62.jpg,Dry,train,File:Fenestraz Josef Kaufmann Racing 2017.jpg,LoupDragon42,CC BY-SA 4.0,https://creativecommons.org/licenses/by-sa/4.0,https://commons.wikimedia.org/wiki/File:Fenestraz_Josef_Kaufmann_Racing_2017.jpg
train/Dry/272168f9098add04.jpg,Dry,train,File:Time for bump start (6019808252).jpg,"Mat Hampson from Philadelphia, USA",CC BY-SA 2.0,https://creativecommons.org/licenses/by-sa/2.0,https://commons.wikimedia.org/wiki/File:Time_for_bump_start_(6019808252).jpg
train/Dry/4a271bd11a537e3a.jpg,Dry,train,File:Heikki Kovalainen 2008 Monaco.jpg,"Cord Rodefeld from Ulm, Germany",CC BY-SA 2.0,https://creativecommons.org/licenses/by-sa/2.0,https://commons.wikimedia.org/wiki/File:Heikki_Kovalainen_2008_Monaco.jpg
train/Dry/59ea6652cdbf4e54.jpg,Dry,train,File:2015 04 BAH Qualy.png,Odor,CC BY-SA 3.0,https://creativecommons.org/licenses/by-sa/3.0,https://commons.wikimedia.org/wiki/File:2015_04_BAH_Qualy.png
train/Dry/be3e391326f40cc8.jpg,Dry,train,File:2007 Japanese GP FH000010 (4836986141).jpg,nimame,CC BY 2.0,https://creativecommons.org/licenses/by/2.0,https://commons.wikimedia.org/wiki/File:2007_Japanese_GP_FH000010_(4836986141).jpg
train/Dry/f4227845252d5653.jpg,Dry,train,File:2011 Canadian Grand Prix (5819065151).jpg,ph-stop,CC BY-SA 2.0,https://creativecommons.org/licenses/by-sa/2.0,https://commons.wikimedia.org/wiki/File:2011_Canadian_Grand_Prix_(5819065151).jpg
train/Dry/270c21c4b8c6be55.jpg,Dry,train,File:Massimiliano Clerici Autodromo di Monza.jpg,Aloha71,CC BY-SA 3.0,https://creativecommons.org/licenses/by-sa/3.0,https://commons.wikimedia.org/wiki/File:Massimiliano_Clerici_Autodromo_di_Monza.jpg
train/Dry/6276cd5855d7dda4.jpg,Dry,train,File:Circuit de Monaco - Pit Lane (54784955635).jpg,crash71100,CC0,http://creativecommons.org/publicdomain/zero/1.0/deed.en,https://commons.wikimedia.org/wiki/File:Circuit_de_Monaco_-_Pit_Lane_(54784955635).jpg
test/Damp/7fa749ca4e2ea98c.jpg,Damp,test,File:2009 Formula 1 Grand Prix of China - Shanghai Circuit (3480013806).jpg,Derrick Noh from NYC,CC BY 2.0,https://creativecommons.org/licenses/by/2.0,https://commons.wikimedia.org/wiki/File:2009_Formula_1_Grand_Prix_of_China_-_Shanghai_Circuit_(3480013806).jpg
test/Damp/75f4046a6b1d4d72.jpg,Damp,test,File:Romain Grosjean 2012 Malaysia Qualify.jpg,Morio,CC BY-SA 3.0,https://creativecommons.org/licenses/by-sa/3.0,https://commons.wikimedia.org/wiki/File:Romain_Grosjean_2012_Malaysia_Qualify.jpg
test/Damp/52e8b05654537770.jpg,Damp,test,File:Lewis Hamilton 2012 Malaysia Qualify.jpg,Morio,CC BY-SA 3.0,https://creativecommons.org/licenses/by-sa/3.0,https://commons.wikimedia.org/wiki/File:Lewis_Hamilton_2012_Malaysia_Qualify.jpg
test/Damp/1ed7ac20abea1092.jpg,Damp,test,File:2009 Formula 1 Grand Prix of China - Shanghai Circuit (3479472921).jpg,Derrick Noh from NYC,CC BY 2.0,https://creativecommons.org/licenses/by/2.0,https://commons.wikimedia.org/wiki/File:2009_Formula_1_Grand_Prix_of_China_-_Shanghai_Circuit_(3479472921).jpg
test/Damp/8bebcc3645085d88.jpg,Damp,test,File:Jenson Button 2012 Malaysia Qualify.jpg,Morio,CC BY-SA 3.0,https://creativecommons.org/licenses/by-sa/3.0,https://commons.wikimedia.org/wiki/File:Jenson_Button_2012_Malaysia_Qualify.jpg
test/Damp/9a4b2cce62485833.jpg,Damp,test,File:Hamilton overtakes Kovi (3017153290).jpg,Mark Kent,CC BY-SA 2.0,https://creativecommons.org/licenses/by-sa/2.0,https://commons.wikimedia.org/wiki/File:Hamilton_overtakes_Kovi_(3017153290).jpg
validation/Damp/a805945cdf5b9ea5.jpg,Damp,validation,File:Romain Grosjean 2012 Malaysia FP1.jpg,Morio,CC BY-SA 3.0,https://creativecommons.org/licenses/by-sa/3.0,https://commons.wikimedia.org/wiki/File:Romain_Grosjean_2012_Malaysia_FP1.jpg
validation/Damp/af06950278e7c0c9.jpg,Damp,validation,File:2009 Formula 1 Grand Prix of China - Shanghai Circuit (3479913678).jpg,Derrick Noh from NYC,CC BY 2.0,https://creativecommons.org/licenses/by/2.0,https://commons.wikimedia.org/wiki/File:2009_Formula_1_Grand_Prix_of_China_-_Shanghai_Circuit_(3479913678).jpg
validation/Damp/ba8002b049d79e70.jpg,Damp,validation,File:USGP Austin 2015 (21907931064).jpg,"Curt Smith from Bellevue, WA, USA",CC BY 2.0,https://creativecommons.org/licenses/by/2.0,https://commons.wikimedia.org/wiki/File:USGP_Austin_2015_(21907931064).jpg
validation/Damp/eec6a5010ead9c32.jpg,Damp,validation,File:Kimi Raikkonen 2008 Britain 2.jpg,"Marc Evans from Newbury, UK",CC BY-SA 2.0,https://creativecommons.org/licenses/by-sa/2.0,https://commons.wikimedia.org/wiki/File:Kimi_Raikkonen_2008_Britain_2.jpg
validation/Damp/ba16adbce56f8b4b.jpg,Damp,validation,File:USGP Austin Oct 2015 (22288629838).jpg,"Curt Smith from Bellevue, WA, USA",CC BY 2.0,https://creativecommons.org/licenses/by/2.0,https://commons.wikimedia.org/wiki/File:USGP_Austin_Oct_2015_(22288629838).jpg
validation/Damp/48f07ed67488019c.jpg,Damp,validation,File:2009 Formula 1 Grand Prix of China - Shanghai Circuit (3480022854).jpg,Derrick Noh from NYC,CC BY 2.0,https://creativecommons.org/licenses/by/2.0,https://commons.wikimedia.org/wiki/File:2009_Formula_1_Grand_Prix_of_China_-_Shanghai_Circuit_(3480022854).jpg
train/Damp/4e58291e99548188.jpg,Damp,train,File:Sebastian Vettel (4948413035).jpg,"Nic Redhead from Birmingham, UK",CC BY-SA 2.0,https://creativecommons.org/licenses/by-sa/2.0,https://commons.wikimedia.org/wiki/File:Sebastian_Vettel_(4948413035).jpg
train/Damp/93da3fb0cc70a3e0.jpg,Damp,train,File:2011 Canadian GP Friday 19.jpg,Mark McArdle from Canada,CC BY-SA 2.0,https://creativecommons.org/licenses/by-sa/2.0,https://commons.wikimedia.org/wiki/File:2011_Canadian_GP_Friday_19.jpg
train/Damp/44d6d59cbe647b17.jpg,Damp,train,File:Sparks are Flying! (5826128969).jpg,ph-stop,CC BY-SA 2.0,https://creativecommons.org/licenses/by-sa/2.0,https://commons.wikimedia.org/wiki/File:Sparks_are_Flying!_(5826128969).jpg
train/Damp/00cc725f6ab7f269.jpg,Damp,train,File:Massa Monaco 2008.jpg,Danny Norton,CC BY 2.0,https://creativecommons.org/licenses/by/2.0,https://commons.wikimedia.org/wiki/File:Massa_Monaco_2008.jpg
train/Damp/ed55bebc8506dff8.jpg,Damp,train,File:Circuit de Monaco - Casino (54764911634).jpg,crash71100,CC0,http://creativecommons.org/publicdomain/zero/1.0/deed.en,https://commons.wikimedia.org/wiki/File:Circuit_de_Monaco_-_Casino_(54764911634).jpg
train/Damp/d2d2d8a3e37ee020.jpg,Damp,train,File:2019 Japanese Grand Prix Nico Hülkenberg (49028198968).jpg,Takayuki Suzuki,CC BY-SA 2.0,https://creativecommons.org/licenses/by-sa/2.0,https://commons.wikimedia.org/wiki/File:2019_Japanese_Grand_Prix_Nico_H%C3%BClkenberg_(49028198968).jpg
train/Damp/56b7439b44097e13.jpg,Damp,train,File:Jenson Button 2012 Malaysia FP2 2.jpg,Morio,CC BY-SA 3.0,https://creativecommons.org/licenses/by-sa/3.0,https://commons.wikimedia.org/wiki/File:Jenson_Button_2012_Malaysia_FP2_2.jpg
train/Damp/c2a70f4373a04667.jpg,Damp,train,File:Japan 2007 GP Fuji 4.jpg,nh824,CC BY 2.0,https://creativecommons.org/licenses/by/2.0,https://commons.wikimedia.org/wiki/File:Japan_2007_GP_Fuji_4.jpg
train/Damp/3900a1df299a484b.jpg,Damp,train,File:Mark Webber 2012 Malaysia Qualify.jpg,Morio,CC BY-SA 3.0,https://creativecommons.org/licenses/by-sa/3.0,https://commons.wikimedia.org/wiki/File:Mark_Webber_2012_Malaysia_Qualify.jpg
train/Damp/0520489c42b0e2ae.jpg,Damp,train,File:Hamilton Up close2 (3017234386).jpg,Mark Kent,CC BY-SA 2.0,https://creativecommons.org/licenses/by-sa/2.0,https://commons.wikimedia.org/wiki/File:Hamilton_Up_close2_(3017234386).jpg
train/Damp/5299da4f0b38f199.jpg,Damp,train,File:Vettel Corée 2010.jpg,waegook cook,CC BY-SA 2.0,https://creativecommons.org/licenses/by-sa/2.0,https://commons.wikimedia.org/wiki/File:Vettel_Cor%C3%A9e_2010.jpg
train/Damp/841651f97532d0fe.jpg,Damp,train,File:Mark Webber 2009 China 2.jpg,Derrick Noh from NYC,CC BY 2.0,https://creativecommons.org/licenses/by/2.0,https://commons.wikimedia.org/wiki/File:Mark_Webber_2009_China_2.jpg
train/Damp/1d5aba6c2df941c1.jpg,Damp,train,File:Sergio Perez runner-up 2012 Malaysia.jpg,Morio,CC BY-SA 3.0,https://creativecommons.org/licenses/by-sa/3.0,https://commons.wikimedia.org/wiki/File:Sergio_Perez_runner-up_2012_Malaysia.jpg
train/Damp/546bed1583b62a15.jpg,Damp,train,File:2009 Formula 1 Grand Prix of China - Shanghai Circuit (3480108190).jpg,Derrick Noh from NYC,CC BY 2.0,https://creativecommons.org/licenses/by/2.0,https://commons.wikimedia.org/wiki/File:2009_Formula_1_Grand_Prix_of_China_-_Shanghai_Circuit_(3480108190).jpg
train/Damp/546eb136853c715a.jpg,Damp,train,File:2011 Canadian Grand Prix (5822757756).jpg,ph-stop,CC BY-SA 2.0,https://creativecommons.org/licenses/by-sa/2.0,https://commons.wikimedia.org/wiki/File:2011_Canadian_Grand_Prix_(5822757756).jpg
train/Damp/594873f8fbd73127.jpg,Damp,train,File:Pedro de la Rosa 2012 Malaysia Qualify.jpg,Morio,CC BY-SA 3.0,https://creativecommons.org/licenses/by-sa/3.0,https://commons.wikimedia.org/wiki/File:Pedro_de_la_Rosa_2012_Malaysia_Qualify.jpg
train/Damp/f0185e5fed470422.jpg,Damp,train,File:Vitaly Petrov Canada 2011.jpg,"Lee &amp; Chantelle McArthur from SMiths, Bermuda",CC BY 2.0,https://creativecommons.org/licenses/by/2.0,https://commons.wikimedia.org/wiki/File:Vitaly_Petrov_Canada_2011.jpg
train/Damp/47f3e3fdf453e765.jpg,Damp,train,File:2011 Canadian GP Friday 06.jpg,Mark McArdle from Canada,CC BY-SA 2.0,https://creativecommons.org/licenses/by-sa/2.0,https://commons.wikimedia.org/wiki/File:2011_Canadian_GP_Friday_06.jpg
train/Damp/3f93b17a4e4f4946.jpg,Damp,train,File:Daniel Ricciardo 2012 Malaysia Qualify.jpg,Morio,CC BY-SA 3.0,https://creativecommons.org/licenses/by-sa/3.0,https://commons.wikimedia.org/wiki/File:Daniel_Ricciardo_2012_Malaysia_Qualify.jpg
train/Damp/5a4dfcabe006625f.jpg,Damp,train,File:Silverstone-Massa spin.jpg,ligreq,CC BY 2.0,https://creativecommons.org/licenses/by/2.0,https://commons.wikimedia.org/wiki/File:Silverstone-Massa_spin.jpg
train/Damp/3ad7ac524e5aff88.jpg,Damp,train,File:Heidfeld breaks his wing. (5826125143).jpg,ph-stop,CC BY-SA 2.0,https://creativecommons.org/licenses/by-sa/2.0,https://commons.wikimedia.org/wiki/File:Heidfeld_breaks_his_wing._(5826125143).jpg
train/Damp/757a0f8afe91cc9d.jpg,Damp,train,File:Button US GP 2015.jpg,Joe McGowan,CC BY 2.0,https://creativecommons.org/licenses/by/2.0,https://commons.wikimedia.org/wiki/File:Button_US_GP_2015.jpg
train/Damp/0557af528d3e6d8c.jpg,Damp,train,File:Petrov Sutil China GP 2010.jpg,"Ilia Tsmykal from Blagoveschensk, Russia",CC BY-SA 2.0,https://creativecommons.org/licenses/by-sa/2.0,https://commons.wikimedia.org/wiki/File:Petrov_Sutil_China_GP_2010.jpg
train/Damp/924a5d96e853b388.jpg,Damp,train,File:Timo Glock 2012 Malaysia Qualify.jpg,Morio,CC BY-SA 3.0,https://creativecommons.org/licenses/by-sa/3.0,https://commons.wikimedia.org/wiki/File:Timo_Glock_2012_Malaysia_Qualify.jpg
train/Damp/669fbbcbce14c68b.jpg,Damp,train,File:McLaren Honda No.22 Jenson Button (21806295070).jpg,"Takayuki Suzuki from Kanagawa, Japan",CC BY-SA 2.0,https://creativecommons.org/licenses/by-sa/2.0,https://commons.wikimedia.org/wiki/File:McLaren_Honda_No.22_Jenson_Button_(21806295070).jpg
train/Damp/7d8f08993c999e91.jpg,Damp,train,File:Romain Grosjean 2012 Malaysia FP2 2.jpg,Morio,CC BY-SA 3.0,https://creativecommons.org/licenses/by-sa/3.0,https://commons.wikimedia.org/wiki/File:Romain_Grosjean_2012_Malaysia_FP2_2.jpg
train/Damp/9fa5fc5d5e709fbe.jpg,Damp,train,File:Nico Finishes Sans Front Wing (5826683764).jpg,ph-stop,CC BY-SA 2.0,https://creativecommons.org/licenses/by-sa/2.0,https://commons.wikimedia.org/wiki/File:Nico_Finishes_Sans_Front_Wing_(5826683764).jpg
train/Damp/75d937df48d49188.jpg,Damp,train,File:Vettel Ferrari Monza 2017.jpg,Liondartois,CC BY-SA 4.0,https://creativecommons.org/licenses/by-sa/4.0,https://commons.wikimedia.org/wiki/File:Vettel_Ferrari_Monza_2017.jpg
train/Damp/2e1219041d32de04.jpg,Damp,train,"File:Di Resta finds the slicks, slick (5826122849).jpg",ph-stop,CC BY-SA 2.0,https://creativecommons.org/licenses/by-sa/2.0,"https://commons.wikimedia.org/wiki/File:Di_Resta_finds_the_slicks,_slick_(5826122849).jpg"
train/Damp/fef36b4d86b381db.jpg,Damp,train,"File:Noida Buddha Circuit, Formula One 2013 (Ank kumar) 08.jpg",Ank Kumar,CC BY-SA 4.0,https://creativecommons.org/licenses/by-sa/4.0,"https://commons.wikimedia.org/wiki/File:Noida_Buddha_Circuit,_Formula_One_2013_(Ank_kumar)_08.jpg"
train/Damp/5209f106db90b106.jpg,Damp,train,File:Alonso meet Indonesian F1 fans.jpg,F1fans (via Mas Fatoer),CC BY-SA 3.0,https://creativecommons.org/licenses/by-sa/3.0,https://commons.wikimedia.org/wiki/File:Alonso_meet_Indonesian_F1_fans.jpg
train/Damp/ea7dff025515aa60.jpg,Damp,train,File:USGP Austin 2015 (22541816141).jpg,"Curt Smith from Bellevue, WA, USA",CC BY 2.0,https://creativecommons.org/licenses/by/2.0,https://commons.wikimedia.org/wiki/File:USGP_Austin_2015_(22541816141).jpg
train/Damp/c60e181b099ef49d.jpg,Damp,train,File:Start-ziel boden.JPG,Steffen Gebhart,CC BY-SA 3.0,http://creativecommons.org/licenses/by-sa/3.0/,https://commons.wikimedia.org/wiki/File:Start-ziel_boden.JPG
train/Damp/3b3b040ae38ef792.jpg,Damp,train,File:Vettel and Fisichella Britain GP.jpg,https://www.flickr.com/people/26673904@N00 big-ashb,CC BY 2.0,https://creativecommons.org/licenses/by/2.0,https://commons.wikimedia.org/wiki/File:Vettel_and_Fisichella_Britain_GP.jpg
test/Wet/4095e06e6b054622.jpg,Wet,test,File:Lewis Hamilton leads 2012 Malaysian GP.jpg,Morio,CC BY-SA 3.0,https://creativecommons.org/licenses/by-sa/3.0,https://commons.wikimedia.org/wiki/File:Lewis_Hamilton_leads_2012_Malaysian_GP.jpg
test/Wet/b5811c39c5987138.jpg,Wet,test,File:Suspended starting grid 2012 Malaysia.jpg,Morio,CC BY-SA 3.0,https://creativecommons.org/licenses/by-sa/3.0,https://commons.wikimedia.org/wiki/File:Suspended_starting_grid_2012_Malaysia.jpg
test/Wet/eea450a24c7b7ab3.jpg,Wet,test,File:Andrea de Cesaris - Tyrrell 021 during practice for the 1993 British Grand Prix (33302878150) (cropped).jpg,"Martin Lee from London, UK",CC BY-SA 2.0,https://creativecommons.org/licenses/by-sa/2.0,https://commons.wikimedia.org/wiki/File:Andrea_de_Cesaris_-_Tyrrell_021_during_practice_for_the_1993_British_Grand_Prix_(33302878150)_(cropped).jpg
test/Wet/0f9469631e900f91.jpg,Wet,test,File:2012 British GP - Kovalainen.jpg,Daniel Herrick LBIPP,CC BY-SA 2.0,https://creativecommons.org/licenses/by-sa/2.0,https://commons.wikimedia.org/wiki/File:2012_British_GP_-_Kovalainen.jpg
test/Wet/a5fc0f7466e3ef87.jpg,Wet,test,File:F1 USGP Austin 2015 (22651628726).jpg,"Curt Smith from Bellevue, WA, USA",CC BY 2.0,https://creativecommons.org/licenses/by/2.0,https://commons.wikimedia.org/wiki/File:F1_USGP_Austin_2015_(22651628726).jpg
test/Wet/7e00ab9f34b69cad.jpg,Wet,test,File:Webber Malaysian qualy 2010 (cropped).jpg,"Webber_Malaysian_qualy_2010.jpg: Joost Rooijmans from Kuala Lumpur, Malaysia
derivative work: Chubbennaitor (talk)",CC BY 2.0,https://creativecommons.org/licenses/by/2.0,https://commons.wikimedia.org/wiki/File:Webber_Malaysian_qualy_2010_(cropped).jpg
test/Wet/1ab5a01b878e3384.jpg,Wet,test,File:Jenson Button 2013 Catalonia test (19-22 Feb) Day 4.jpg,Morio,CC BY-SA 3.0,https://creativecommons.org/licenses/by-sa/3.0,https://commons.wikimedia.org/wiki/File:Jenson_Button_2013_Catalonia_test_(19-22_Feb)_Day_4.jpg
test/Wet/0def419fdd594a67.jpg,Wet,test,File:Damon Hill - Williams FW15C during practice for the 1993 British Grand Prix (33686734825).jpg,"Martin Lee from London, UK",CC BY-SA 2.0,https://creativecommons.org/licenses/by-sa/2.0,https://commons.wikimedia.org/wiki/File:Damon_Hill_-_Williams_FW15C_during_practice_for_the_1993_British_Grand_Prix_(33686734825).jpg
test/Wet/3e4aad2e21695e46.jpg,Wet,test,File:Schumacher Malaysian qualy 2010.jpg,"Joost Rooijmans from Kuala Lumpur, Malaysia",CC BY 2.0,https://creativecommons.org/licenses/by/2.0,https://commons.wikimedia.org/wiki/File:Schumacher_Malaysian_qualy_2010.jpg
test/Wet/c046c8b82e709afa.jpg,Wet,test,File:Fisichella + Nakajima 2009 China.jpg,Derrick Noh from NYC,CC BY 2.0,https://creativecommons.org/licenses/by/2.0,https://commons.wikimedia.org/wiki/File:Fisichella_%2B_Nakajima_2009_China.jpg
test/Wet/c8886032bf47c960.jpg,Wet,test,File:Alguersuari Petrov China GP 2010.jpg,"Ilia Tsmykal from Blagoveschensk, Russia",CC BY-SA 2.0,https://creativecommons.org/licenses/by-sa/2.0,https://commons.wikimedia.org/wiki/File:Alguersuari_Petrov_China_GP_2010.jpg
test/Wet/8da9c2518cafa358.jpg,Wet,test,File:2009 Formula 1 Grand Prix of China - Shanghai Circuit (3480191294).jpg,Derrick Noh from NYC,CC BY 2.0,https://creativecommons.org/licenses/by/2.0,https://commons.wikimedia.org/wiki/File:2009_Formula_1_Grand_Prix_of_China_-_Shanghai_Circuit_(3480191294).jpg
test/Wet/6b00a0e038a02bba.jpg,Wet,test,File:Petrov Schumacher China GP 09 wet.jpg,"Ilia Tsmykal from Blagoveschensk, Russia",CC BY-SA 2.0,https://creativecommons.org/licenses/by-sa/2.0,https://commons.wikimedia.org/wiki/File:Petrov_Schumacher_China_GP_09_wet.jpg
test/Wet/1c2f566966c6c17e.jpg,Wet,test,File:Mark Webber 2009 China 1.jpg,Derrick Noh from NYC,CC BY 2.0,https://creativecommons.org/licenses/by/2.0,https://commons.wikimedia.org/wiki/File:Mark_Webber_2009_China_1.jpg
test/Wet/ddc20a9aac1daf99.jpg,Wet,test,File:Wet (4956843971).jpg,"Nic Redhead from Birmingham, UK",CC BY-SA 2.0,https://creativecommons.org/licenses/by-sa/2.0,https://commons.wikimedia.org/wiki/File:Wet_(4956843971).jpg
test/Wet/f8a3989201a9a4be.jpg,Wet,test,File:2009 Formula 1 Grand Prix of China - Shanghai Circuit (3478979829).jpg,Derrick Noh from NYC,CC BY 2.0,https://creativecommons.org/licenses/by/2.0,https://commons.wikimedia.org/wiki/File:2009_Formula_1_Grand_Prix_of_China_-_Shanghai_Circuit_(3478979829).jpg
test/Wet/259037491879ae43.jpg,Wet,test,File:USGP Austin Oct 2015 (22288350220).jpg,"Curt Smith from Bellevue, WA, USA",CC BY 2.0,https://creativecommons.org/licenses/by/2.0,https://commons.wikimedia.org/wiki/File:USGP_Austin_Oct_2015_(22288350220).jpg
test/Wet/2533a60f24e91024.jpg,Wet,test,File:2009 Formula 1 Grand Prix of China - Shanghai Circuit (3480315394).jpg,Derrick Noh from NYC,CC BY 2.0,https://creativecommons.org/licenses/by/2.0,https://commons.wikimedia.org/wiki/File:2009_Formula_1_Grand_Prix_of_China_-_Shanghai_Circuit_(3480315394).jpg
test/Wet/2371fb32c7709f98.jpg,Wet,test,File:2009 Formula 1 Grand Prix of China - Shanghai Circuit (3479951170).jpg,Derrick Noh from NYC,CC BY 2.0,https://creativecommons.org/licenses/by/2.0,https://commons.wikimedia.org/wiki/File:2009_Formula_1_Grand_Prix_of_China_-_Shanghai_Circuit_(3479951170).jpg
test/Wet/f89550cf8c77f1bb.jpg,Wet,test,File:Jaime Alguersuari 2010 Japan 3rd Free Practice.jpg,Morio,CC BY-SA 3.0,http://creativecommons.org/licenses/by-sa/3.0/,https://commons.wikimedia.org/wiki/File:Jaime_Alguersuari_2010_Japan_3rd_Free_Practice.jpg
test/Wet/808d6fad5e0715c3.jpg,Wet,test,File:Formula 1600 (5822762836).jpg,ph-stop,CC BY-SA 2.0,https://creativecommons.org/licenses/by-sa/2.0,https://commons.wikimedia.org/wiki/File:Formula_1600_(5822762836).jpg
test/Wet/943bdd156dbe75cb.jpg,Wet,test,File:Rubens Barrichello (4948411993).jpg,"Nic Redhead from Birmingham, UK",CC BY-SA 2.0,https://creativecommons.org/licenses/by-sa/2.0,https://commons.wikimedia.org/wiki/File:Rubens_Barrichello_(4948411993).jpg
test/Wet/944944c0d5a06de0.jpg,Wet,test,File:Robert Kubica (4948993492).jpg,"Nic Redhead from Birmingham, UK",CC BY-SA 2.0,https://creativecommons.org/licenses/by-sa/2.0,https://commons.wikimedia.org/wiki/File:Robert_Kubica_(4948993492).jpg
test/Wet/76522d9c17149086.jpg,Wet,test,File:Vacuuming away (5826675404).jpg,ph-stop,CC BY-SA 2.0,https://creativecommons.org/licenses/by-sa/2.0,https://commons.wikimedia.org/wiki/File:Vacuuming_away_(5826675404).jpg
test/Wet/c12cbceaf89fe962.jpg,Wet,test,File:Raki spin 4 (3016384551).jpg,Mark Kent,CC BY-SA 2.0,https://creativecommons.org/licenses/by-sa/2.0,https://commons.wikimedia.org/wiki/File:Raki_spin_4_(3016384551).jpg
test/Wet/c3b05c4e93e3648a.jpg,Wet,test,File:Mercedes AMG No.6 Nico Rosberg (21920246400).jpg,"Takayuki Suzuki from Kanagawa, Japan",CC BY-SA 2.0,https://creativecommons.org/licenses/by-sa/2.0,https://commons.wikimedia.org/wiki/File:Mercedes_AMG_No.6_Nico_Rosberg_(21920246400).jpg
test/Wet/1305c40ff814513d.jpg,Wet,test,File:2009 Formula 1 Grand Prix of China - Shanghai Circuit (3480157570).jpg,Derrick Noh from NYC,CC BY 2.0,https://creativecommons.org/licenses/by/2.0,https://commons.wikimedia.org/wiki/File:2009_Formula_1_Grand_Prix_of_China_-_Shanghai_Circuit_(3480157570).jpg
test/Wet/ab8a8c200041f48e.jpg,Wet,test,File:Hülkenberg 2024 BelgiumGP.jpg,Roro00713,CC0,http://creativecommons.org/publicdomain/zero/1.0/deed.en,https://commons.wikimedia.org/wiki/File:H%C3%BClkenberg_2024_BelgiumGP.jpg
test/Wet/e8786eebd18c1129.jpg,Wet,test,"File:Grass, smoke and Fun (5826679422).jpg",ph-stop,CC BY-SA 2.0,https://creativecommons.org/licenses/by-sa/2.0,"https://commons.wikimedia.org/wiki/File:Grass,_smoke_and_Fun_(5826679422).jpg"
test/Wet/6be084fe6466c2ea.jpg,Wet,test,File:Kovalainen + Hamilton 2008 Britain-2.jpg,"derivative work: Vakie81 (talk)
Kovalainen + Hamilton 2008 Britain.jpg: ligreq",CC BY 2.0,https://creativecommons.org/licenses/by/2.0,https://commons.wikimedia.org/wiki/File:Kovalainen_%2B_Hamilton_2008_Britain-2.jpg
test/Wet/9bce59b1039e5414.jpg,Wet,test,File:Rosberg - 2016 Monaco GP.jpg,Andrew Locking,CC BY 2.0,https://creativecommons.org/licenses/by/2.0,https://commons.wikimedia.org/wiki/File:Rosberg_-_2016_Monaco_GP.jpg
test/Wet/cbad6986deb1df49.jpg,Wet,test,File:Massa Monza 2008.jpg,Jane Belinda Smith from England,CC BY 2.0,https://creativecommons.org/licenses/by/2.0,https://commons.wikimedia.org/wiki/File:Massa_Monza_2008.jpg
test/Wet/df6831112eb5e36e.jpg,Wet,test,File:Lotus 79 (3).jpg,Daniel Herrick LBIPP,CC BY-SA 2.0,https://creativecommons.org/licenses/by-sa/2.0,https://commons.wikimedia.org/wiki/File:Lotus_79_(3).jpg
test/Wet/a5ea4db5fe0af982.jpg,Wet,test,File:Massa2 (3017222986).jpg,Mark Kent,CC BY-SA 2.0,https://creativecommons.org/licenses/by-sa/2.0,https://commons.wikimedia.org/wiki/File:Massa2_(3017222986).jpg
test/Wet/37e52ae6725d4809.jpg,Wet,test,File:Gijs van Lennep 1973 Dutch GP 3.jpg,Rob Mieremet / Anefo,CC0,http://creativecommons.org/publicdomain/zero/1.0/deed.en,https://commons.wikimedia.org/wiki/File:Gijs_van_Lennep_1973_Dutch_GP_3.jpg
test/Wet/bcd2c204cabf363e.jpg,Wet,test,File:Raki going backwards 2 (3016350317).jpg,Mark Kent,CC BY-SA 2.0,https://creativecommons.org/licenses/by-sa/2.0,https://commons.wikimedia.org/wiki/File:Raki_going_backwards_2_(3016350317).jpg
validation/Wet/cb308ea021eb8cfc.jpg,Wet,validation,File:Michele Alboreto - Lola T93-30 during practice for the 1993 British Grand Prix (33557339751) (cropped).jpg,"Martin Lee from London, UK",CC BY-SA 2.0,https://creativecommons.org/licenses/by-sa/2.0,https://commons.wikimedia.org/wiki/File:Michele_Alboreto_-_Lola_T93-30_during_practice_for_the_1993_British_Grand_Prix_(33557339751)_(cropped).jpg
validation/Wet/887ae9bdee6358c2.jpg,Wet,validation,File:Raki spin 1 (3017208558).jpg,Mark Kent,CC BY-SA 2.0,https://creativecommons.org/licenses/by-sa/2.0,https://commons.wikimedia.org/wiki/File:Raki_spin_1_(3017208558).jpg
validation/Wet/44d13864018998cb.jpg,Wet,validation,File:McLaren MP4-2B.jpg,Daniel Herrick LBIPP,CC BY-SA 2.0,https://creativecommons.org/licenses/by-sa/2.0,https://commons.wikimedia.org/wiki/File:McLaren_MP4-2B.jpg
validation/Wet/db506fe7ab28e042.jpg,Wet,validation,File:Kovi and toyota (3017195084).jpg,Mark Kent,CC BY-SA 2.0,https://creativecommons.org/licenses/by-sa/2.0,https://commons.wikimedia.org/wiki/File:Kovi_and_toyota_(3017195084).jpg
validation/Wet/e17950599c842fce.jpg,Wet,validation,File:Red Bull China 09.jpg,Carl Nenzén Lovén,CC BY 2.0,https://creativecommons.org/licenses/by/2.0,https://commons.wikimedia.org/wiki/File:Red_Bull_China_09.jpg
validation/Wet/5086e88e026e125c.jpg,Wet,validation,File:2009 Formula 1 Grand Prix of China - Shanghai Circuit (3479561979).jpg,Derrick Noh from NYC,CC BY 2.0,https://creativecommons.org/licenses/by/2.0,https://commons.wikimedia.org/wiki/File:2009_Formula_1_Grand_Prix_of_China_-_Shanghai_Circuit_(3479561979).jpg
validation/Wet/3ebb520693b19f2d.jpg,Wet,validation,File:Lewis Hamilton - geograph.org.uk - 942518.jpg,Richard Smith,CC BY-SA 2.0,https://creativecommons.org/licenses/by-sa/2.0,https://commons.wikimedia.org/wiki/File:Lewis_Hamilton_-_geograph.org.uk_-_942518.jpg
validation/Wet/73a3ef43a2a2b6f6.jpg,Wet,validation,File:Andrea de Cesaris - Tyrrell 021 during practice for the 1993 British Grand Prix (33302878150).jpg,"Martin Lee from London, UK",CC BY-SA 2.0,https://creativecommons.org/licenses/by-sa/2.0,https://commons.wikimedia.org/wiki/File:Andrea_de_Cesaris_-_Tyrrell_021_during_practice_for_the_1993_British_Grand_Prix_(33302878150).jpg
validation/Wet/2e063f9319f0e4b6.jpg,Wet,validation,File:Renault 2 China 09.jpg,Carl Nenzén Lovén,CC BY 2.0,https://creativecommons.org/licenses/by/2.0,https://commons.wikimedia.org/wiki/File:Renault_2_China_09.jpg
validation/Wet/5330de0ac7131551.jpg,Wet,validation,File:Jenson Button 2009 China 1.jpg,Derrick Noh from NYC,CC BY 2.0,https://creativecommons.org/licenses/by/2.0,https://commons.wikimedia.org/wiki/File:Jenson_Button_2009_China_1.jpg
validation/Wet/2abfdbc2cb3f984f.jpg,Wet,validation,File:2009 Formula 1 Grand Prix of China - Shanghai Circuit (3479041165).jpg,Derrick Noh from NYC,CC BY 2.0,https://creativecommons.org/licenses/by/2.0,https://commons.wikimedia.org/wiki/File:2009_Formula_1_Grand_Prix_of_China_-_Shanghai_Circuit_(3479041165).jpg
validation/Wet/28805260ec902ef5.jpg,Wet,validation,File:Sebastian Vettel - Red Bull RB6 - 2010 Korean Grand Prix.jpeg,LG전자,CC BY 2.0,https://creativecommons.org/licenses/by/2.0,https://commons.wikimedia.org/wiki/File:Sebastian_Vettel_-_Red_Bull_RB6_-_2010_Korean_Grand_Prix.jpeg
validation/Wet/743d82e3f62cb284.jpg,Wet,validation,File:USGP Austin Oct 2015 (21855104733).jpg,"Curt Smith from Bellevue, WA, USA",CC BY 2.0,https://creativecommons.org/licenses/by/2.0,https://commons.wikimedia.org/wiki/File:USGP_Austin_Oct_2015_(21855104733).jpg
validation/Wet/715e00d4d4945e29.jpg,Wet,validation,File:Gijs van Lennep 1973 Dutch GP 3 (cropped).jpg,Rob Mieremet / Anefo,CC0,http://creativecommons.org/publicdomain/zero/1.0/deed.en,https://commons.wikimedia.org/wiki/File:Gijs_van_Lennep_1973_Dutch_GP_3_(cropped).jpg
validation/Wet/5e275fa8ca41639c.jpg,Wet,validation,File:Heading to the grid (5826668600).jpg,ph-stop,CC BY-SA 2.0,https://creativecommons.org/licenses/by-sa/2.0,https://commons.wikimedia.org/wiki/File:Heading_to_the_grid_(5826668600).jpg
validation/Wet/f2830d4c872f133f.jpg,Wet,validation,File:Eau Rouge McLaren (4948374927).jpg,"Nic Redhead from Birmingham, UK",CC BY-SA 2.0,https://creativecommons.org/licenses/by-sa/2.0,https://commons.wikimedia.org/wiki/File:Eau_Rouge_McLaren_(4948374927).jpg
validation/Wet/1c58f1a93d46e032.jpg,Wet,validation,File:Heidfeld Kovalainen 2009 China.jpg,Derrick Noh from NYC,CC BY 2.0,https://creativecommons.org/licenses/by/2.0,https://commons.wikimedia.org/wiki/File:Heidfeld_Kovalainen_2009_China.jpg
validation/Wet/386680c1d2d640df.jpg,Wet,validation,File:Alain Prost - Williams FW15C during practice for the 1993 British Grand Prix (32873611163).jpg,"Martin Lee from London, UK",CC BY-SA 2.0,https://creativecommons.org/licenses/by-sa/2.0,https://commons.wikimedia.org/wiki/File:Alain_Prost_-_Williams_FW15C_during_practice_for_the_1993_British_Grand_Prix_(32873611163).jpg
validation/Wet/9688764ae00e5bce.jpg,Wet,validation,File:Nico Rosberg 2010 Malaysia 3rd Qualify.jpg,Morio,CC BY-SA 3.0,http://creativecommons.org/licenses/by-sa/3.0/,https://commons.wikimedia.org/wiki/File:Nico_Rosberg_2010_Malaysia_3rd_Qualify.jpg
validation/Wet/0c9b2f4b00596fa8.jpg,Wet,validation,File:Kazuki Nakajima 2009 China.jpg,Derrick Noh from NYC,CC BY 2.0,https://creativecommons.org/licenses/by/2.0,https://commons.wikimedia.org/wiki/File:Kazuki_Nakajima_2009_China.jpg
validation/Wet/a7e5d5d659a3fd4e.jpg,Wet,validation,File:Kobayashi Malaysian qualy 2010 (cropped).jpg,"Kobayashi_Malaysian_qualy_2010.jpg: Joost Rooijmans from Kuala Lumpur, Malaysia
derivative work: Chubbennaitor (talk)",CC BY 2.0,https://creativecommons.org/licenses/by/2.0,https://commons.wikimedia.org/wiki/File:Kobayashi_Malaysian_qualy_2010_(cropped).jpg
validation/Wet/0fccbcda61b9069c.jpg,Wet,validation,File:Circuit de Monaco - Casino (54764674391).jpg,crash71100,CC0,http://creativecommons.org/publicdomain/zero/1.0/deed.en,https://commons.wikimedia.org/wiki/File:Circuit_de_Monaco_-_Casino_(54764674391).jpg
validation/Wet/5fdafe89c95eb102.jpg,Wet,validation,File:Fernando Alonso - McLaren (32952230372).jpg,"Jake Archibald from London, England",CC BY 2.0,https://creativecommons.org/licenses/by/2.0,https://commons.wikimedia.org/wiki/File:Fernando_Alonso_-_McLaren_(32952230372).jpg
validation/Wet/134d891ac0a89655.jpg,Wet,validation,File:Rio Haryanto - Manor (32261820424).jpg,"Jake Archibald from London, England",CC BY 2.0,https://creativecommons.org/licenses/by/2.0,https://commons.wikimedia.org/wiki/File:Rio_Haryanto_-_Manor_(32261820424).jpg
validation/Wet/3cf3d117f4081dd2.jpg,Wet,validation,File:2009 Formula 1 Grand Prix of China - Shanghai Circuit (3480180074).jpg,Derrick Noh from NYC,CC BY 2.0,https://creativecommons.org/licenses/by/2.0,https://commons.wikimedia.org/wiki/File:2009_Formula_1_Grand_Prix_of_China_-_Shanghai_Circuit_(3480180074).jpg
validation/Wet/b262b531b9ee10ec.jpg,Wet,validation,File:2016 Formula 1 Chinese Grand Prix (26691567772).jpg,emperornie,CC BY-SA 2.0,https://creativecommons.org/licenses/by-sa/2.0,https://commons.wikimedia.org/wiki/File:2016_Formula_1_Chinese_Grand_Prix_(26691567772).jpg
validation/Wet/2132acdb6fb668ff.jpg,Wet,validation,File:Buemi Malaysian qualy 2010.jpg,"Joost Rooijmans from Kuala Lumpur, Malaysia",CC BY 2.0,https://creativecommons.org/licenses/by/2.0,https://commons.wikimedia.org/wiki/File:Buemi_Malaysian_qualy_2010.jpg
validation/Wet/29ceca7479104733.jpg,Wet,validation,File:The grid (3017151710).jpg,Mark Kent,CC BY-SA 2.0,https://creativecommons.org/licenses/by-sa/2.0,https://commons.wikimedia.org/wiki/File:The_grid_(3017151710).jpg
validation/Wet/fcd677cfaeb86b64.jpg,Wet,validation,File:Kovi (3016395461).jpg,Mark Kent,CC BY-SA 2.0,https://creativecommons.org/licenses/by-sa/2.0,https://commons.wikimedia.org/wiki/File:Kovi_(3016395461).jpg
validation/Wet/652131967d2b7823.jpg,Wet,validation,"File:2024 British Grand Prix, Gasly (1).jpg",Jen Ross,CC BY 2.0,https://creativecommons.org/licenses/by/2.0,"https://commons.wikimedia.org/wiki/File:2024_British_Grand_Prix,_Gasly_(1).jpg"
validation/Wet/c665de17a8fca57d.jpg,Wet,validation,File:Max Verstappen 2015 Malaysia Q2.jpg,Morio,CC BY-SA 4.0,https://creativecommons.org/licenses/by-sa/4.0,https://commons.wikimedia.org/wiki/File:Max_Verstappen_2015_Malaysia_Q2.jpg
validation/Wet/f5a148083c8cb8d3.jpg,Wet,validation,File:2009 Formula 1 Grand Prix of China - Shanghai Circuit (3479948104).jpg,Derrick Noh from NYC,CC BY 2.0,https://creativecommons.org/licenses/by/2.0,https://commons.wikimedia.org/wiki/File:2009_Formula_1_Grand_Prix_of_China_-_Shanghai_Circuit_(3479948104).jpg
validation/Wet/34be7e172a8bac14.jpg,Wet,validation,"File:2024 British Grand Prix, Piastri (1).jpg",Jen Ross,CC BY 2.0,https://creativecommons.org/licenses/by/2.0,"https://commons.wikimedia.org/wiki/File:2024_British_Grand_Prix,_Piastri_(1).jpg"
validation/Wet/f09731ac6c21b5e0.jpg,Wet,validation,File:2009 Formula 1 Grand Prix of China - Shanghai Circuit (3479865296).jpg,Derrick Noh from NYC,CC BY 2.0,https://creativecommons.org/licenses/by/2.0,https://commons.wikimedia.org/wiki/File:2009_Formula_1_Grand_Prix_of_China_-_Shanghai_Circuit_(3479865296).jpg
validation/Wet/4ac919c5c4dbda07.jpg,Wet,validation,File:Raidillon Renault (4948371983).jpg,"Nic Redhead from Birmingham, UK",CC BY-SA 2.0,https://creativecommons.org/licenses/by-sa/2.0,https://commons.wikimedia.org/wiki/File:Raidillon_Renault_(4948371983).jpg
validation/Wet/5722f9306e4b9185.jpg,Wet,validation,File:Gerhard Berger - Ferrari F193A spins during practice for the 1993 British Grand Prix (33530346222).jpg,"Martin Lee from London, UK",CC BY-SA 2.0,https://creativecommons.org/licenses/by-sa/2.0,https://commons.wikimedia.org/wiki/File:Gerhard_Berger_-_Ferrari_F193A_spins_during_practice_for_the_1993_British_Grand_Prix_(33530346222).jpg
train/Wet/0b75a889513ba5ee.jpg,Wet,train,File:2016 Formula 1 Chinese Grand Prix (26165156313).jpg,emperornie,CC BY-SA 2.0,https://creativecommons.org/licenses/by-sa/2.0,https://commons.wikimedia.org/wiki/File:2016_Formula_1_Chinese_Grand_Prix_(26165156313).jpg
train/Wet/62722d398884abb6.jpg,Wet,train,"File:Mercedes, No.44 Lewis Hamilton (2) (15538317559).jpg","Takayuki Suzuki from Kanagawa, Japan",CC BY-SA 2.0,https://creativecommons.org/licenses/by-sa/2.0,"https://commons.wikimedia.org/wiki/File:Mercedes,_No.44_Lewis_Hamilton_(2)_(15538317559).jpg"
train/Wet/e46feecfc5bfe551.jpg,Wet,train,File:Ferrari McLaren BMW China 2006.jpg,Limemonkey from China,CC BY 2.0,https://creativecommons.org/licenses/by/2.0,https://commons.wikimedia.org/wiki/File:Ferrari_McLaren_BMW_China_2006.jpg
train/Wet/9c6c929ca36d7dcd.jpg,Wet,train,"File:2024 British Grand Prix, Sainz (1).jpg",Jen Ross,CC BY 2.0,https://creativecommons.org/licenses/by/2.0,"https://commons.wikimedia.org/wiki/File:2024_British_Grand_Prix,_Sainz_(1).jpg"
train/Wet/51242c008f44a2e1.jpg,Wet,train,"File:2024 British Grand Prix, safety car.jpg",Jen Ross,CC BY 2.0,https://creativecommons.org/licenses/by/2.0,"https://commons.wikimedia.org/wiki/File:2024_British_Grand_Prix,_safety_car.jpg"
train/Wet/aca91b3c5c5c29bc.jpg,Wet,train,File:Hamilton Silverstone 2008.jpg,ligreq,CC BY 2.0,https://creativecommons.org/licenses/by/2.0,https://commons.wikimedia.org/wiki/File:Hamilton_Silverstone_2008.jpg
train/Wet/fff55b7f692eadf0.jpg,Wet,train,File:2011 Canadian GP - Water.jpg,Mark McArdle from Canada,CC BY-SA 2.0,https://creativecommons.org/licenses/by-sa/2.0,https://commons.wikimedia.org/wiki/File:2011_Canadian_GP_-_Water.jpg
train/Wet/d2937f8fa3d4cb6e.jpg,Wet,train,File:Pedro De La Rosa (4948992816).jpg,"Nic Redhead from Birmingham, UK",CC BY-SA 2.0,https://creativecommons.org/licenses/by-sa/2.0,https://commons.wikimedia.org/wiki/File:Pedro_De_La_Rosa_(4948992816).jpg
train/Wet/3e2468a98015a429.jpg,Wet,train,File:Massa Japan 2015.jpg,Keisuke Kariya,CC BY 2.0,https://creativecommons.org/licenses/by/2.0,https://commons.wikimedia.org/wiki/File:Massa_Japan_2015.jpg
train/Wet/deb479f84a68f09f.jpg,Wet,train,File:2009 Formula 1 Grand Prix of China - Shanghai Circuit (3479815442).jpg,Derrick Noh from NYC,CC BY 2.0,https://creativecommons.org/licenses/by/2.0,https://commons.wikimedia.org/wiki/File:2009_Formula_1_Grand_Prix_of_China_-_Shanghai_Circuit_(3479815442).jpg
train/Wet/1123a030c7f8610b.jpg,Wet,train,File:2009 Formula 1 Grand Prix of China - Shanghai Circuit (3479434411).jpg,Derrick Noh from NYC,CC BY 2.0,https://creativecommons.org/licenses/by/2.0,https://commons.wikimedia.org/wiki/File:2009_Formula_1_Grand_Prix_of_China_-_Shanghai_Circuit_(3479434411).jpg
train/Wet/4c97fba2f2dbaa27.jpg,Wet,train,File:FRECA 2024 - Red Bull Ring - Nikhil Bohra.jpg,Road Atlanta Turn 5,CC BY 4.0,https://creativecommons.org/licenses/by/4.0,https://commons.wikimedia.org/wiki/File:FRECA_2024_-_Red_Bull_Ring_-_Nikhil_Bohra.jpg
train/Wet/dc0d3270fcd4f77c.jpg,Wet,train,File:16 Maldonado Wet (9186385580).jpg,Steven Jones,CC BY 2.0,https://creativecommons.org/licenses/by/2.0,https://commons.wikimedia.org/wiki/File:16_Maldonado_Wet_(9186385580).jpg
train/Wet/2dded2e9667a5a7e.jpg,Wet,train,File:Pierluigi Martini - Minardi M193 during practice for the 1993 British Grand Prix (33645875476) (cropped).jpg,"Martin Lee from London, UK",CC BY-SA 2.0,https://creativecommons.org/licenses/by-sa/2.0,https://commons.wikimedia.org/wiki/File:Pierluigi_Martini_-_Minardi_M193_during_practice_for_the_1993_British_Grand_Prix_(33645875476)_(cropped).jpg
train/Wet/e9c4f4e4acab314b.jpg,Wet,train,File:2009 Formula 1 Grand Prix of China - Shanghai Circuit (3480217914).jpg,Derrick Noh from NYC,CC BY 2.0,https://creativecommons.org/licenses/by/2.0,https://commons.wikimedia.org/wiki/File:2009_Formula_1_Grand_Prix_of_China_-_Shanghai_Circuit_(3480217914).jpg
train/Wet/9e90898be6e3be8a.jpg,Wet,train,File:2013 Australian GP - Toro Rosso 2.jpg,"Juozas Kaziukenas from Edinburgh, UK",CC BY-SA 2.0,https://creativecommons.org/licenses/by-sa/2.0,https://commons.wikimedia.org/wiki/File:2013_Australian_GP_-_Toro_Rosso_2.jpg
train/Wet/16180a2a81a1a79d.jpg,Wet,train,File:Sebastien Buemi 2009 Japan 2nd Free Practice.jpg,Morio,CC BY-SA 3.0,http://creativecommons.org/licenses/by-sa/3.0/,https://commons.wikimedia.org/wiki/File:Sebastien_Buemi_2009_Japan_2nd_Free_Practice.jpg
train/Wet/96dfe4f705e5910b.jpg,Wet,train,File:Force India Corée 2010.jpg,waegook cook,CC BY 2.0,https://creativecommons.org/licenses/by/2.0,https://commons.wikimedia.org/wiki/File:Force_India_Cor%C3%A9e_2010.jpg
train/Wet/ce25a84d18ffd0b9.jpg,Wet,train,"File:2024 British Grand Prix, Hamilton (2).jpg",Jen Ross,CC BY 2.0,https://creativecommons.org/licenses/by/2.0,"https://commons.wikimedia.org/wiki/File:2024_British_Grand_Prix,_Hamilton_(2).jpg"
train/Wet/3eb845b307460ef9.jpg,Wet,train,File:Hamilton - 2016 Monaco GP 02.jpg,Andrew Locking,CC BY 2.0,https://creativecommons.org/licenses/by/2.0,https://commons.wikimedia.org/wiki/File:Hamilton_-_2016_Monaco_GP_02.jpg
train/Wet/bbadaee7fa09351d.jpg,Wet,train,File:Fernando Alonso (4948402169).jpg,"Nic Redhead from Birmingham, UK",CC BY-SA 2.0,https://creativecommons.org/licenses/by-sa/2.0,https://commons.wikimedia.org/wiki/File:Fernando_Alonso_(4948402169).jpg
train/Wet/a01eab6ecf71c117.jpg,Wet,train,File:Shanghai Circuit Main Grandstand o.jpg,https://www.flickr.com/photos/triplefivechina/,CC BY 2.0,https://creativecommons.org/licenses/by/2.0,https://commons.wikimedia.org/wiki/File:Shanghai_Circuit_Main_Grandstand_o.jpg
train/Wet/ba29e4a69a65192e.jpg,Wet,train,File:2009 Formula 1 Grand Prix of China - Shanghai Circuit (3479918656).jpg,Derrick Noh from NYC,CC BY 2.0,https://creativecommons.org/licenses/by/2.0,https://commons.wikimedia.org/wiki/File:2009_Formula_1_Grand_Prix_of_China_-_Shanghai_Circuit_(3479918656).jpg
train/Wet/2512aa214b54b74c.jpg,Wet,train,File:Rain light (4948980814).jpg,"Nic Redhead from Birmingham, UK",CC BY-SA 2.0,https://creativecommons.org/licenses/by-sa/2.0,https://commons.wikimedia.org/wiki/File:Rain_light_(4948980814).jpg
train/Wet/19ce23ef3acca6d1.jpg,Wet,train,File:Glock Heidfeld spin 2009 China.jpg,Derrick Noh from NYC,CC BY 2.0,https://creativecommons.org/licenses/by/2.0,https://commons.wikimedia.org/wiki/File:Glock_Heidfeld_spin_2009_China.jpg
train/Wet/ec0701178dbdc6d2.jpg,Wet,train,File:2011 Canadian GP - Start.jpg,Mark McArdle from Canada,CC BY-SA 2.0,https://creativecommons.org/licenses/by-sa/2.0,https://commons.wikimedia.org/wiki/File:2011_Canadian_GP_-_Start.jpg
train/Wet/3848969a001c6350.jpg,Wet,train,"File:Red Bull Racing , Noida F1 2013 15.jpg",Ank kumar,CC BY-SA 4.0,https://creativecommons.org/licenses/by-sa/4.0,"https://commons.wikimedia.org/wiki/File:Red_Bull_Racing_,_Noida_F1_2013_15.jpg"
train/Wet/bbf4574f90346dba.jpg,Wet,train,File:2012 British GP - Lotus.jpg,Rich Jones from United Kingdom,CC BY 2.0,https://creativecommons.org/licenses/by/2.0,https://commons.wikimedia.org/wiki/File:2012_British_GP_-_Lotus.jpg
train/Wet/61162e34c1ad3f74.jpg,Wet,train,File:Jarno Trulli (4948989644).jpg,"Nic Redhead from Birmingham, UK",CC BY-SA 2.0,https://creativecommons.org/licenses/by-sa/2.0,https://commons.wikimedia.org/wiki/File:Jarno_Trulli_(4948989644).jpg
train/Wet/039f0f12f903c76f.jpg,Wet,train,File:Fernando Alonso and Sergio Perez after the race finish 2012 Malaysia.jpg,Morio,CC BY-SA 3.0,https://creativecommons.org/licenses/by-sa/3.0,https://commons.wikimedia.org/wiki/File:Fernando_Alonso_and_Sergio_Perez_after_the_race_finish_2012_Malaysia.jpg
train/Wet/9b3b8134e27e79f1.jpg,Wet,train,File:BMW Sauber China 09.jpg,Carl Nenzén Lovén,CC BY 2.0,https://creativecommons.org/licenses/by/2.0,https://commons.wikimedia.org/wiki/File:BMW_Sauber_China_09.jpg
train/Wet/3d6a63a52148a11b.jpg,Wet,train,File:Kubica China 09.jpg,Carl Nenzén Lovén,CC BY 2.0,https://creativecommons.org/licenses/by/2.0,https://commons.wikimedia.org/wiki/File:Kubica_China_09.jpg
train/Wet/71d32779649aebb3.jpg,Wet,train,File:2009 Formula 1 Grand Prix of China - Shanghai Circuit (3480298936).jpg,Derrick Noh from NYC,CC BY 2.0,https://creativecommons.org/licenses/by/2.0,https://commons.wikimedia.org/wiki/File:2009_Formula_1_Grand_Prix_of_China_-_Shanghai_Circuit_(3480298936).jpg
train/Wet/c518e10173cd6e15.jpg,Wet,train,File:Safety Car with Lewis Hamilton 2012 Malaysia.jpg,Morio,CC BY-SA 3.0,https://creativecommons.org/licenses/by-sa/3.0,https://commons.wikimedia.org/wiki/File:Safety_Car_with_Lewis_Hamilton_2012_Malaysia.jpg
train/Wet/fb700ef60d9dad93.jpg,Wet,train,File:Safety Car Lead Lap. (15096738144).jpg,"Takayuki Suzuki from Kanagawa, Japan",CC BY-SA 2.0,https://creativecommons.org/licenses/by-sa/2.0,https://commons.wikimedia.org/wiki/File:Safety_Car_Lead_Lap._(15096738144).jpg
train/Wet/0d2a34602d1a8e5f.jpg,Wet,train,File:Mark Webber 2013 Catalonia test (19-22 Feb) Day 4.jpg,Morio,CC BY-SA 3.0,https://creativecommons.org/licenses/by-sa/3.0,https://commons.wikimedia.org/wiki/File:Mark_Webber_2013_Catalonia_test_(19-22_Feb)_Day_4.jpg
train/Wet/def6a8c9c2f9c3d8.jpg,Wet,train,File:Beltoise and Stewart at 1968 Dutch Grand Prix.jpg,"Evers, Joost / Anefo / neg. stroken, 1945-1989, 2.24.01.05, item number 921-4585",CC BY-SA 3.0 nl,https://creativecommons.org/licenses/by-sa/3.0/nl/deed.en,https://commons.wikimedia.org/wiki/File:Beltoise_and_Stewart_at_1968_Dutch_Grand_Prix.jpg
train/Wet/bc5f07f73ebd93e5.jpg,Wet,train,File:Japan 2007 GP Fuji 2.jpg,nh824,CC BY 2.0,https://creativecommons.org/licenses/by/2.0,https://commons.wikimedia.org/wiki/File:Japan_2007_GP_Fuji_2.jpg
train/Wet/d68305c72b151be1.jpg,Wet,train,File:Esteban Ocon - Mercedes (33069901616).jpg,"Jake Archibald from London, England",CC BY 2.0,https://creativecommons.org/licenses/by/2.0,https://commons.wikimedia.org/wiki/File:Esteban_Ocon_-_Mercedes_(33069901616).jpg
train/Wet/8d3424d39b5746df.jpg,Wet,train,File:2009 Formula 1 Grand Prix of China - Shanghai Circuit (3480290762).jpg,Derrick Noh from NYC,CC BY 2.0,https://creativecommons.org/licenses/by/2.0,https://commons.wikimedia.org/wiki/File:2009_Formula_1_Grand_Prix_of_China_-_Shanghai_Circuit_(3480290762).jpg
train/Wet/dd54e616e2758cc8.jpg,Wet,train,File:Glock Nakajima 2009 China.jpg,Derrick Noh from NYC,CC BY 2.0,https://creativecommons.org/licenses/by/2.0,https://commons.wikimedia.org/wiki/File:Glock_Nakajima_2009_China.jpg
train/Wet/23831c1d76daaab3.jpg,Wet,train,File:Nico Hulkenblurg (4949027572).jpg,"Nic Redhead from Birmingham, UK",CC BY-SA 2.0,https://creativecommons.org/licenses/by-sa/2.0,https://commons.wikimedia.org/wiki/File:Nico_Hulkenblurg_(4949027572).jpg
train/Wet/510636e0987300ff.jpg,Wet,train,File:Williams FW07.jpg,Daniel Herrick LBIPP,CC BY-SA 2.0,https://creativecommons.org/licenses/by-sa/2.0,https://commons.wikimedia.org/wiki/File:Williams_FW07.jpg
train/Wet/e550fdfc68933609.jpg,Wet,train,File:Alguersuari Petrov China GP 2010 (cropped).jpg,"Alguersuari_Petrov_China_GP_2010.jpg: Ilia Tsmykal from Blagoveschensk, Russia
derivative work: Chubbennaitor (talk)",CC BY-SA 2.0,https://creativecommons.org/licenses/by-sa/2.0,https://commons.wikimedia.org/wiki/File:Alguersuari_Petrov_China_GP_2010_(cropped).jpg
train/Wet/6d5283b233b2109c.jpg,Wet,train,File:FP2-ホームストレートにて (36329260414).jpg,nimame,CC BY 2.0,https://creativecommons.org/licenses/by/2.0,https://commons.wikimedia.org/wiki/File:FP2-%E3%83%9B%E3%83%BC%E3%83%A0%E3%82%B9%E3%83%88%E3%83%AC%E3%83%BC%E3%83%88%E3%81%AB%E3%81%A6_(36329260414).jpg
train/Wet/238fc4db02abcc8a.jpg,Wet,train,File:Fernando Alonso - McLaren (33108837915).jpg,"Jake Archibald from London, England",CC BY 2.0,https://creativecommons.org/licenses/by/2.0,https://commons.wikimedia.org/wiki/File:Fernando_Alonso_-_McLaren_(33108837915).jpg
train/Wet/7538b9879c21fddb.jpg,Wet,train,"File:Marussia, No.4 Max Chilton (3) (15736471351).jpg","Takayuki Suzuki from Kanagawa, Japan",CC BY-SA 2.0,https://creativecommons.org/licenses/by-sa/2.0,"https://commons.wikimedia.org/wiki/File:Marussia,_No.4_Max_Chilton_(3)_(15736471351).jpg"
train/Wet/f442b2ec3a4bbe06.jpg,Wet,train,File:Thierry Boutsen - Jordan 193 during practice for the 1993 British Grand Prix (32843912224) (cropped).jpg,"Martin Lee from London, UK",CC BY-SA 2.0,https://creativecommons.org/licenses/by-sa/2.0,https://commons.wikimedia.org/wiki/File:Thierry_Boutsen_-_Jordan_193_during_practice_for_the_1993_British_Grand_Prix_(32843912224)_(cropped).jpg
train/Wet/7b694c6e5002c33e.jpg,Wet,train,File:Fernando Alonso (4948410393).jpg,"Nic Redhead from Birmingham, UK",CC BY-SA 2.0,https://creativecommons.org/licenses/by-sa/2.0,https://commons.wikimedia.org/wiki/File:Fernando_Alonso_(4948410393).jpg
train/Wet/97392132254eea74.jpg,Wet,train,File:Bourdais Raikkonen 2009 China.jpg,Derrick Noh from NYC,CC BY 2.0,https://creativecommons.org/licenses/by/2.0,https://commons.wikimedia.org/wiki/File:Bourdais_Raikkonen_2009_China.jpg
train/Wet/47339ff193e5993c.jpg,Wet,train,File:Sutil qualy 2010 Malaysia (cropped).jpg,"Sutil_qualy_2010_Malaysia.jpg: chaitanya surya from Kuala Lumpur, Malayasia
derivative work: Chubbennaitor (talk)",CC BY-SA 2.0,https://creativecommons.org/licenses/by-sa/2.0,https://commons.wikimedia.org/wiki/File:Sutil_qualy_2010_Malaysia_(cropped).jpg
train/Wet/235b9bb97e57ce9a.jpg,Wet,train,File:Fernando Alonso - McLaren (33108833555).jpg,"Jake Archibald from London, England",CC BY 2.0,https://creativecommons.org/licenses/by/2.0,https://commons.wikimedia.org/wiki/File:Fernando_Alonso_-_McLaren_(33108833555).jpg
train/Wet/62072438b92c0aa2.jpg,Wet,train,File:Toro Rosso Spin China 09.jpg,Carl Nenzén Lovén,CC BY 2.0,https://creativecommons.org/licenses/by/2.0,https://commons.wikimedia.org/wiki/File:Toro_Rosso_Spin_China_09.jpg
train/Wet/41d046e14a8cca6f.jpg,Wet,train,File:Petrov Malaysian qualy 2010 (cropped).jpg,"Petrov_Malaysian_qualy_2010.jpg: Joost Rooijmans from Kuala Lumpur, Malaysia
derivative work: Chubbennaitor (talk)",CC BY 2.0,https://creativecommons.org/licenses/by/2.0,https://commons.wikimedia.org/wiki/File:Petrov_Malaysian_qualy_2010_(cropped).jpg
train/Wet/84de7b562b28a7de.jpg,Wet,train,File:2012 British GP - Massa.jpg,"Supermac1961 from CHAFFORD HUNDRED, England",CC BY 2.0,https://creativecommons.org/licenses/by/2.0,https://commons.wikimedia.org/wiki/File:2012_British_GP_-_Massa.jpg
train/Wet/ed2484c0d78a2518.jpg,Wet,train,File:Jean Alesi - Ferrari F193 during practice for the 1993 British Grand Prix (33686706485).jpg,"Martin Lee from London, UK",CC BY-SA 2.0,https://creativecommons.org/licenses/by-sa/2.0,https://commons.wikimedia.org/wiki/File:Jean_Alesi_-_Ferrari_F193_during_practice_for_the_1993_British_Grand_Prix_(33686706485).jpg
train/Wet/e5f6d9a1efd972e0.jpg,Wet,train,File:2009 Formula 1 Grand Prix of China - Shanghai Circuit (3479922386).jpg,Derrick Noh from NYC,CC BY 2.0,https://creativecommons.org/licenses/by/2.0,https://commons.wikimedia.org/wiki/File:2009_Formula_1_Grand_Prix_of_China_-_Shanghai_Circuit_(3479922386).jpg
train/Wet/6b625c1ab0608d2d.jpg,Wet,train,File:2009 Formula 1 Grand Prix of China - Shanghai Circuit (3479863356).jpg,Derrick Noh from NYC,CC BY 2.0,https://creativecommons.org/licenses/by/2.0,https://commons.wikimedia.org/wiki/File:2009_Formula_1_Grand_Prix_of_China_-_Shanghai_Circuit_(3479863356).jpg
train/Wet/fd34f59203d9b7a5.jpg,Wet,train,File:Alain Prost - Williams FW15C during practice for the 1993 British Grand Prix (32873611163) (cropped).jpg,"Martin Lee from London, UK",CC BY-SA 2.0,https://creativecommons.org/licenses/by-sa/2.0,https://commons.wikimedia.org/wiki/File:Alain_Prost_-_Williams_FW15C_during_practice_for_the_1993_British_Grand_Prix_(32873611163)_(cropped).jpg
train/Wet/80fec3c8184efa65.jpg,Wet,train,File:2009 Formula 1 Grand Prix of China - Shanghai Circuit (3480071376).jpg,Derrick Noh from NYC,CC BY 2.0,https://creativecommons.org/licenses/by/2.0,https://commons.wikimedia.org/wiki/File:2009_Formula_1_Grand_Prix_of_China_-_Shanghai_Circuit_(3480071376).jpg
train/Wet/392108ecb9c48f92.jpg,Wet,train,File:Rossi US GP 2015.jpg,Joe McGowan,CC BY 2.0,https://creativecommons.org/licenses/by/2.0,https://commons.wikimedia.org/wiki/File:Rossi_US_GP_2015.jpg
train/Wet/ec6853a04fa610b7.jpg,Wet,train,"File:2024 British Grand Prix, Ocon (1).jpg",Jen Ross,CC BY 2.0,https://creativecommons.org/licenses/by/2.0,"https://commons.wikimedia.org/wiki/File:2024_British_Grand_Prix,_Ocon_(1).jpg"
train/Wet/1058eb0b87fc1e7f.jpg,Wet,train,File:RAM 03 2008 Donington Park.jpg,jo3hug,CC BY 2.0,https://creativecommons.org/licenses/by/2.0,https://commons.wikimedia.org/wiki/File:RAM_03_2008_Donington_Park.jpg
train/Wet/f42c62e2e6dfa7f5.jpg,Wet,train,File:Felipe Massa (4948409977).jpg,"Nic Redhead from Birmingham, UK",CC BY-SA 2.0,https://creativecommons.org/licenses/by-sa/2.0,https://commons.wikimedia.org/wiki/File:Felipe_Massa_(4948409977).jpg
train/Wet/e1abd44a4cca5939.jpg,Wet,train,File:USGP Austin Oct 2015 (22289476889).jpg,"Curt Smith from Bellevue, WA, USA",CC BY 2.0,https://creativecommons.org/licenses/by/2.0,https://commons.wikimedia.org/wiki/File:USGP_Austin_Oct_2015_(22289476889).jpg
train/Wet/cd261462a172b668.jpg,Wet,train,File:Daniil Kvyat - 2016 Monaco GP.jpg,Andrew Locking,CC BY 2.0,https://creativecommons.org/licenses/by/2.0,https://commons.wikimedia.org/wiki/File:Daniil_Kvyat_-_2016_Monaco_GP.jpg
train/Wet/abf327bd8c4812eb.jpg,Wet,train,File:Jenson Button 2009 China 2.jpg,Derrick Noh from NYC,CC BY 2.0,https://creativecommons.org/licenses/by/2.0,https://commons.wikimedia.org/wiki/File:Jenson_Button_2009_China_2.jpg
train/Wet/6f46f7c5035c9676.jpg,Wet,train,File:Michael Andretti - Mclaren MP4-8 heads for Copse during practice for the 1993 British Grand Prix (33557350241).jpg,"Martin Lee from London, UK",CC BY-SA 2.0,https://creativecommons.org/licenses/by-sa/2.0,https://commons.wikimedia.org/wiki/File:Michael_Andretti_-_Mclaren_MP4-8_heads_for_Copse_during_practice_for_the_1993_British_Grand_Prix_(33557350241).jpg
train/Wet/0ec77514be23c644.jpg,Wet,train,File:Michael Schumacher 2010 Malaysia 1st Qualify.jpg,Morio,CC BY-SA 3.0,http://creativecommons.org/licenses/by-sa/3.0/,https://commons.wikimedia.org/wiki/File:Michael_Schumacher_2010_Malaysia_1st_Qualify.jpg
train/Wet/960bc1a7b46f885f.jpg,Wet,train,File:２時間待つとか思ってませんでした (36974717342).jpg,nimame,CC BY 2.0,https://creativecommons.org/licenses/by/2.0,https://commons.wikimedia.org/wiki/File:%EF%BC%92%E6%99%82%E9%96%93%E5%BE%85%E3%81%A4%E3%81%A8%E3%81%8B%E6%80%9D%E3%81%A3%E3%81%A6%E3%81%BE%E3%81%9B%E3%82%93%E3%81%A7%E3%81%97%E3%81%9F_(36974717342).jpg
train/Wet/e7f99b86b83cf3d3.jpg,Wet,train,File:Grille de départ Corée 2010.jpg,waegook cook,CC BY-SA 2.0,https://creativecommons.org/licenses/by-sa/2.0,https://commons.wikimedia.org/wiki/File:Grille_de_d%C3%A9part_Cor%C3%A9e_2010.jpg
train/Wet/9a81b8ebcf98f50e.jpg,Wet,train,File:2011 Canadian Grand Prix (5819067647).jpg,ph-stop,CC BY-SA 2.0,https://creativecommons.org/licenses/by-sa/2.0,https://commons.wikimedia.org/wiki/File:2011_Canadian_Grand_Prix_(5819067647).jpg
train/Wet/2252023e17d6b895.jpg,Wet,train,File:Raikkonen Buemi Massa 2009 China.jpg,Derrick Noh from NYC,CC BY 2.0,https://creativecommons.org/licenses/by/2.0,https://commons.wikimedia.org/wiki/File:Raikkonen_Buemi_Massa_2009_China.jpg
train/Wet/b0f57b63658acdb8.jpg,Wet,train,"File:2024 British Grand Prix, Bottas (1).jpg",Jen Ross,CC BY 2.0,https://creativecommons.org/licenses/by/2.0,"https://commons.wikimedia.org/wiki/File:2024_British_Grand_Prix,_Bottas_(1).jpg"
train/Wet/61c8d2fc4d530cb8.jpg,Wet,train,File:Toro Rosso duo 2010 Japan 3rd Free Practice.jpg,Morio,CC BY-SA 3.0,http://creativecommons.org/licenses/by-sa/3.0/,https://commons.wikimedia.org/wiki/File:Toro_Rosso_duo_2010_Japan_3rd_Free_Practice.jpg
train/Wet/c283d07870200ab7.jpg,Wet,train,File:Kovalainen + Heidfeld 2008 Britain.jpg,ligreq,CC BY 2.0,https://creativecommons.org/licenses/by/2.0,https://commons.wikimedia.org/wiki/File:Kovalainen_%2B_Heidfeld_2008_Britain.jpg
train/Wet/f052c2cdfadfa3e6.jpg,Wet,train,File:Kovalainen Malaysian qualy 2010.jpg,"Joost Rooijmans from Kuala Lumpur, Malaysia",CC BY 2.0,https://creativecommons.org/licenses/by/2.0,https://commons.wikimedia.org/wiki/File:Kovalainen_Malaysian_qualy_2010.jpg
train/Wet/a51784ea73869b19.jpg,Wet,train,File:Felipe Massa 2010 China.jpg,"Ian C from New York, USA",CC BY-SA 2.0,https://creativecommons.org/licenses/by-sa/2.0,https://commons.wikimedia.org/wiki/File:Felipe_Massa_2010_China.jpg
train/Wet/3f8acbda6923ea28.jpg,Wet,train,File:McLaren Honda No.14 Fernando Alonso (22108466065).jpg,"Takayuki Suzuki from Kanagawa, Japan",CC BY-SA 2.0,https://creativecommons.org/licenses/by-sa/2.0,https://commons.wikimedia.org/wiki/File:McLaren_Honda_No.14_Fernando_Alonso_(22108466065).jpg
train/Wet/ae7ea75fbd0a9929.jpg,Wet,train,File:2009 Formula 1 Grand Prix of China - Shanghai Circuit (3479466589).jpg,Derrick Noh from NYC,CC BY 2.0,https://creativecommons.org/licenses/by/2.0,https://commons.wikimedia.org/wiki/File:2009_Formula_1_Grand_Prix_of_China_-_Shanghai_Circuit_(3479466589).jpg
train/Wet/49fb7a33419c728f.jpg,Wet,train,File:JJ Lehto - Sauber C12 heads for Copse during practice for the 1993 British Grand Prix (33686700885).jpg,"Martin Lee from London, UK",CC BY-SA 2.0,https://creativecommons.org/licenses/by-sa/2.0,https://commons.wikimedia.org/wiki/File:JJ_Lehto_-_Sauber_C12_heads_for_Copse_during_practice_for_the_1993_British_Grand_Prix_(33686700885).jpg
train/Wet/b4e775d3c32daf4f.jpg,Wet,train,File:BMW Sauber Toyota China 09.jpg,Carl Nenzén Lovén,CC BY 2.0,https://creativecommons.org/licenses/by/2.0,https://commons.wikimedia.org/wiki/File:BMW_Sauber_Toyota_China_09.jpg
train/Wet/cd9c73b145b3ee12.jpg,Wet,train,File:Esteban Ocon - Mercedes (32296005463).jpg,"Jake Archibald from London, England",CC BY 2.0,https://creativecommons.org/licenses/by/2.0,https://commons.wikimedia.org/wiki/File:Esteban_Ocon_-_Mercedes_(32296005463).jpg
train/Wet/bba5ee7c4601218b.jpg,Wet,train,File:No.44 Lewis Hamilton (38046877654).jpg,"Takayuki Suzuki from Kanagawa, Japan",CC BY-SA 2.0,https://creativecommons.org/licenses/by-sa/2.0,https://commons.wikimedia.org/wiki/File:No.44_Lewis_Hamilton_(38046877654).jpg
train/Wet/00e05adc377dca8b.jpg,Wet,train,File:Kamui Kobayashi (4948383359).jpg,"Nic Redhead from Birmingham, UK",CC BY-SA 2.0,https://creativecommons.org/licenses/by-sa/2.0,https://commons.wikimedia.org/wiki/File:Kamui_Kobayashi_(4948383359).jpg
train/Wet/ec81656c718348d7.jpg,Wet,train,File:2009 Formula 1 Grand Prix of China - Shanghai Circuit (3479197405).jpg,Derrick Noh from NYC,CC BY 2.0,https://creativecommons.org/licenses/by/2.0,https://commons.wikimedia.org/wiki/File:2009_Formula_1_Grand_Prix_of_China_-_Shanghai_Circuit_(3479197405).jpg
train/Wet/1632e38986b13b12.jpg,Wet,train,File:Petrov Malaysian qualy 2010.jpg,"Joost Rooijmans from Kuala Lumpur, Malaysia",CC BY 2.0,https://creativecommons.org/licenses/by/2.0,https://commons.wikimedia.org/wiki/File:Petrov_Malaysian_qualy_2010.jpg
train/Wet/b30d97bf893ce94e.jpg,Wet,train,File:No.19 Felipe Massa (24890245098).jpg,"Takayuki Suzuki from Kanagawa, Japan",CC BY-SA 2.0,https://creativecommons.org/licenses/by-sa/2.0,https://commons.wikimedia.org/wiki/File:No.19_Felipe_Massa_(24890245098).jpg
train/Wet/a7abea3a08f670c7.jpg,Wet,train,File:USGP Austin Oct 2015 (22476314795).jpg,"Curt Smith from Bellevue, WA, USA",CC BY 2.0,https://creativecommons.org/licenses/by/2.0,https://commons.wikimedia.org/wiki/File:USGP_Austin_Oct_2015_(22476314795).jpg
train/Wet/b069876c67376651.jpg,Wet,train,File:2009 Formula 1 Grand Prix of China - Shanghai Circuit (3480347584).jpg,Derrick Noh from NYC,CC BY 2.0,https://creativecommons.org/licenses/by/2.0,https://commons.wikimedia.org/wiki/File:2009_Formula_1_Grand_Prix_of_China_-_Shanghai_Circuit_(3480347584).jpg
train/Wet/ddef0b07d95c73fb.jpg,Wet,train,File:Nick Heidfeld 2009 China.jpg,Derrick Noh from NYC,CC BY 2.0,https://creativecommons.org/licenses/by/2.0,https://commons.wikimedia.org/wiki/File:Nick_Heidfeld_2009_China.jpg
train/Wet/85f9cd000718637c.jpg,Wet,train,File:2009 Formula 1 Grand Prix of China - Shanghai Circuit (3479801956).jpg,Derrick Noh from NYC,CC BY 2.0,https://creativecommons.org/licenses/by/2.0,https://commons.wikimedia.org/wiki/File:2009_Formula_1_Grand_Prix_of_China_-_Shanghai_Circuit_(3479801956).jpg
train/Wet/e531d593e90d585c.jpg,Wet,train,File:雨のマイランダーさん (36957198556).jpg,nimame,CC BY 2.0,https://creativecommons.org/licenses/by/2.0,https://commons.wikimedia.org/wiki/File:%E9%9B%A8%E3%81%AE%E3%83%9E%E3%82%A4%E3%83%A9%E3%83%B3%E3%83%80%E3%83%BC%E3%81%95%E3%82%93_(36957198556).jpg
train/Wet/923461c202e382c6.jpg,Wet,train,File:2009 Formula 1 Grand Prix of China - Shanghai Circuit (3479846140).jpg,Derrick Noh from NYC,CC BY 2.0,https://creativecommons.org/licenses/by/2.0,https://commons.wikimedia.org/wiki/File:2009_Formula_1_Grand_Prix_of_China_-_Shanghai_Circuit_(3479846140).jpg
train/Wet/138dabe686f24c19.jpg,Wet,train,File:Lewis Hamilton 2009 China 1.jpg,Derrick Noh from NYC,CC BY 2.0,https://creativecommons.org/licenses/by/2.0,https://commons.wikimedia.org/wiki/File:Lewis_Hamilton_2009_China_1.jpg
train/Wet/5b9a5b4dc94a1bf0.jpg,Wet,train,File:Schumacher Malaysian qualy 2010 (cropped).jpg,"Schumacher_Malaysian_qualy_2010.jpg: Joost Rooijmans from Kuala Lumpur, Malaysia
derivative work: Chubbennaitor (talk)",CC BY 2.0,https://creativecommons.org/licenses/by/2.0,https://commons.wikimedia.org/wiki/File:Schumacher_Malaysian_qualy_2010_(cropped).jpg
train/Wet/284befce745f58ca.jpg,Wet,train,"File:Force India, No.27 Nico Hulkenberg (15539385120).jpg","Takayuki Suzuki from Kanagawa, Japan",CC BY-SA 2.0,https://creativecommons.org/licenses/by-sa/2.0,"https://commons.wikimedia.org/wiki/File:Force_India,_No.27_Nico_Hulkenberg_(15539385120).jpg"
train/Wet/f7e7500819fbd1c4.jpg,Wet,train,File:Hamilton - 2016 Monaco GP 03.jpg,Andrew Locking,CC BY 2.0,https://creativecommons.org/licenses/by/2.0,https://commons.wikimedia.org/wiki/File:Hamilton_-_2016_Monaco_GP_03.jpg
train/Wet/ab9eaf4add38981c.jpg,Wet,train,File:Parkes at 1966 Dutch Grand Prix (cropped).jpg,"Eric Koch for Anefo  / neg. stroken, 1945-1989, 2.24.01.05, item number 919-3826",CC BY-SA 3.0 nl,https://creativecommons.org/licenses/by-sa/3.0/nl/deed.en,https://commons.wikimedia.org/wiki/File:Parkes_at_1966_Dutch_Grand_Prix_(cropped).jpg
train/Wet/29f9fdf769bf0314.jpg,Wet,train,File:Nelson Piquet 2008 Britain 2.jpg,"David Hunt from Warwickshire, UK",CC BY 2.0,https://creativecommons.org/licenses/by/2.0,https://commons.wikimedia.org/wiki/File:Nelson_Piquet_2008_Britain_2.jpg
train/Wet/7d8e9e8e10db14bf.jpg,Wet,train,"File:McLaren, No.22 Jenson Button (15104855073).jpg","Takayuki Suzuki from Kanagawa, Japan",CC BY-SA 2.0,https://creativecommons.org/licenses/by-sa/2.0,"https://commons.wikimedia.org/wiki/File:McLaren,_No.22_Jenson_Button_(15104855073).jpg"
train/Wet/c172acd1fa5e5c20.jpg,Wet,train,File:Alonso Malaysian qualy 2010.jpg,"Joost Rooijmans from Kuala Lumpur, Malaysia",CC BY 2.0,https://creativecommons.org/licenses/by/2.0,https://commons.wikimedia.org/wiki/File:Alonso_Malaysian_qualy_2010.jpg
train/Wet/3689cb27571c8256.jpg,Wet,train,File:Sakon Yamamoto (4948398097).jpg,"Nic Redhead from Birmingham, UK",CC BY-SA 2.0,https://creativecommons.org/licenses/by-sa/2.0,https://commons.wikimedia.org/wiki/File:Sakon_Yamamoto_(4948398097).jpg
train/Wet/f2e20a07f9c7af38.jpg,Wet,train,File:2009 Formula 1 Grand Prix of China - Shanghai Circuit (3479516971).jpg,Derrick Noh from NYC,CC BY 2.0,https://creativecommons.org/licenses/by/2.0,https://commons.wikimedia.org/wiki/File:2009_Formula_1_Grand_Prix_of_China_-_Shanghai_Circuit_(3479516971).jpg
train/Wet/049d88e6087f4ed5.jpg,Wet,train,File:Massa Indiangrandprix.jpg,Magentic Manifestations,CC BY-SA 3.0,https://creativecommons.org/licenses/by-sa/3.0,https://commons.wikimedia.org/wiki/File:Massa_Indiangrandprix.jpg
train/Wet/fc0388b420253d18.jpg,Wet,train,File:Ayrton Senna - Mclaren MP4-8 during practice for the 1993 British Grand Prix (33686772245).jpg,"Martin Lee from London, UK",CC BY-SA 2.0,https://creativecommons.org/licenses/by-sa/2.0,https://commons.wikimedia.org/wiki/File:Ayrton_Senna_-_Mclaren_MP4-8_during_practice_for_the_1993_British_Grand_Prix_(33686772245).jpg
train/Wet/756d1bb4974faee2.jpg,Wet,train,File:Coloni FC188B 2008 Donington Park.jpg,jo3hug,CC BY 2.0,https://creativecommons.org/licenses/by/2.0,https://commons.wikimedia.org/wiki/File:Coloni_FC188B_2008_Donington_Park.jpg
train/Wet/fb90a262d306ffd0.jpg,Wet,train,File:2011 Canadian Grand Prix (5819629372).jpg,ph-stop,CC BY-SA 2.0,https://creativecommons.org/licenses/by-sa/2.0,https://commons.wikimedia.org/wiki/File:2011_Canadian_Grand_Prix_(5819629372).jpg
train/Wet/29b22ef67003cc63.jpg,Wet,train,File:2009 Formula 1 Grand Prix of China - Shanghai Circuit (3479032053).jpg,Derrick Noh from NYC,CC BY 2.0,https://creativecommons.org/licenses/by/2.0,https://commons.wikimedia.org/wiki/File:2009_Formula_1_Grand_Prix_of_China_-_Shanghai_Circuit_(3479032053).jpg
train/Wet/15e06a0fc44a112e.jpg,Wet,train,File:Chandhok Malaysian Qualy 2010 (cropped).jpg,"Chandhok_Malaysian_Qualy_2010.jpg: Joost Rooijmans from Kuala Lumpur, Malaysia
derivative work: Chubbennaitor (talk)",CC BY 2.0,https://creativecommons.org/licenses/by/2.0,https://commons.wikimedia.org/wiki/File:Chandhok_Malaysian_Qualy_2010_(cropped).jpg
train/Wet/478f5d05dfae929c.jpg,Wet,train,File:Japan 2007 GP Fuji.jpg,nh824,CC BY 2.0,https://creativecommons.org/licenses/by/2.0,https://commons.wikimedia.org/wiki/File:Japan_2007_GP_Fuji.jpg
train/Wet/fa5859de4f0a8bfc.jpg,Wet,train,File:Raki spin 3 (3016366669).jpg,Mark Kent,CC BY-SA 2.0,https://creativecommons.org/licenses/by-sa/2.0,https://commons.wikimedia.org/wiki/File:Raki_spin_3_(3016366669).jpg
train/Wet/69efe6c4e00ea17e.jpg,Wet,train,File:Renault China 09.jpg,Carl Nenzén Lovén,CC BY 2.0,https://creativecommons.org/licenses/by/2.0,https://commons.wikimedia.org/wiki/File:Renault_China_09.jpg
train/Wet/dc3e2dd8d13c3375.jpg,Wet,train,File:Nakajima Piquet 2009 China.jpg,Derrick Noh from NYC,CC BY 2.0,https://creativecommons.org/licenses/by/2.0,https://commons.wikimedia.org/wiki/File:Nakajima_Piquet_2009_China.jpg
train/Wet/9b012d637cc03528.jpg,Wet,train,File:Lewis Hamilton 2017 Malaysia FP1.jpg,Morio,CC BY-SA 4.0,https://creativecommons.org/licenses/by-sa/4.0,https://commons.wikimedia.org/wiki/File:Lewis_Hamilton_2017_Malaysia_FP1.jpg
train/Wet/ba0afcc4936fd451.jpg,Wet,train,File:Fernando Alonso - McLaren (32952236382).jpg,"Jake Archibald from London, England",CC BY 2.0,https://creativecommons.org/licenses/by/2.0,https://commons.wikimedia.org/wiki/File:Fernando_Alonso_-_McLaren_(32952236382).jpg
train/Wet/5af4b8f74e7a2b56.jpg,Wet,train,File:Fernando Alonso Belgium GP 2010.jpg,nic_r,CC BY-SA 2.0,https://creativecommons.org/licenses/by-sa/2.0,https://commons.wikimedia.org/wiki/File:Fernando_Alonso_Belgium_GP_2010.jpg
train/Wet/51da5f14c2e23618.jpg,Wet,train,File:Michele Alboreto - Lola T93-30 during practice for the 1993 British Grand Prix (33557339751).jpg,"Martin Lee from London, UK",CC BY-SA 2.0,https://creativecommons.org/licenses/by-sa/2.0,https://commons.wikimedia.org/wiki/File:Michele_Alboreto_-_Lola_T93-30_during_practice_for_the_1993_British_Grand_Prix_(33557339751).jpg
train/Wet/a5814c1ef9f15322.jpg,Wet,train,File:Webber Malaysian qualy 2010.jpg,"Joost Rooijmans from Kuala Lumpur, Malaysia",CC BY 2.0,https://creativecommons.org/licenses/by/2.0,https://commons.wikimedia.org/wiki/File:Webber_Malaysian_qualy_2010.jpg
train/Wet/4f405130d4993561.jpg,Wet,train,File:Jenson Button 2009 China 3.jpg,Derrick Noh from NYC,CC BY 2.0,https://creativecommons.org/licenses/by/2.0,https://commons.wikimedia.org/wiki/File:Jenson_Button_2009_China_3.jpg
train/Wet/92dda2a3e07fbb06.jpg,Wet,train,File:Kobayashi Malaysian qualy 2010.jpg,"Joost Rooijmans from Kuala Lumpur, Malaysia",CC BY 2.0,https://creativecommons.org/licenses/by/2.0,https://commons.wikimedia.org/wiki/File:Kobayashi_Malaysian_qualy_2010.jpg
train/Wet/02c285dfb2b097ba.jpg,Wet,train,File:2009 Formula 1 Grand Prix of China - Shanghai Circuit (3479059669).jpg,Derrick Noh from NYC,CC BY 2.0,https://creativecommons.org/licenses/by/2.0,https://commons.wikimedia.org/wiki/File:2009_Formula_1_Grand_Prix_of_China_-_Shanghai_Circuit_(3479059669).jpg
train/Wet/f6d97ede1bc36e92.jpg,Wet,train,File:Alain Prost 1989 Belgian GP.jpg,"madagascarica from Verneuil Grand, France",CC BY 2.0,https://creativecommons.org/licenses/by/2.0,https://commons.wikimedia.org/wiki/File:Alain_Prost_1989_Belgian_GP.jpg
train/Wet/5cc1f2bf25f5b878.jpg,Wet,train,File:Hamilton Heidfeld 2009 China.jpg,Derrick Noh from NYC,CC BY 2.0,https://creativecommons.org/licenses/by/2.0,https://commons.wikimedia.org/wiki/File:Hamilton_Heidfeld_2009_China.jpg
train/Wet/a2f47d1744e77fcf.jpg,Wet,train,"File:2024 British Grand Prix, Russell (3).jpg",Jen Ross,CC BY 2.0,https://creativecommons.org/licenses/by/2.0,"https://commons.wikimedia.org/wiki/File:2024_British_Grand_Prix,_Russell_(3).jpg"
train/Wet/499314948b08f0a5.jpg,Wet,train,File:Renault China 2006.jpg,Limemonkey from China,CC BY 2.0,https://creativecommons.org/licenses/by/2.0,https://commons.wikimedia.org/wiki/File:Renault_China_2006.jpg
train/Wet/b80c14909b1f59bd.jpg,Wet,train,File:Pierluigi Martini - Minardi M193 during practice for the 1993 British Grand Prix (33645875476).jpg,"Martin Lee from London, UK",CC BY-SA 2.0,https://creativecommons.org/licenses/by-sa/2.0,https://commons.wikimedia.org/wiki/File:Pierluigi_Martini_-_Minardi_M193_during_practice_for_the_1993_British_Grand_Prix_(33645875476).jpg
train/Wet/7f3f658f77c971f4.jpg,Wet,train,File:Safety Car in Heavy Rain (Mercedes AMG GT S) (37876671395).jpg,"Takayuki Suzuki from Kanagawa, Japan",CC BY-SA 2.0,https://creativecommons.org/licenses/by-sa/2.0,https://commons.wikimedia.org/wiki/File:Safety_Car_in_Heavy_Rain_(Mercedes_AMG_GT_S)_(37876671395).jpg
train/Wet/d9d72b91382a3e0a.jpg,Wet,train,File:Kamui Kobayashi (4948409195).jpg,"Nic Redhead from Birmingham, UK",CC BY-SA 2.0,https://creativecommons.org/licenses/by-sa/2.0,https://commons.wikimedia.org/wiki/File:Kamui_Kobayashi_(4948409195).jpg
train/Wet/610c60ae33f17ef5.jpg,Wet,train,"File:Red Bull Racing , Noida F1 2013 10.jpg",Ank kumar,CC BY-SA 4.0,https://creativecommons.org/licenses/by-sa/4.0,"https://commons.wikimedia.org/wiki/File:Red_Bull_Racing_,_Noida_F1_2013_10.jpg"
train/Wet/dc04776db9480c93.jpg,Wet,train,File:Alonso Malaysian qualy 2010 (cropped).jpg,"Alonso_Malaysian_qualy_2010.jpg: Joost Rooijmans from Kuala Lumpur, Malaysia
derivative work: Chubbennaitor (talk)",CC BY 2.0,https://creativecommons.org/licenses/by/2.0,https://commons.wikimedia.org/wiki/File:Alonso_Malaysian_qualy_2010_(cropped).jpg
train/Wet/71ae0292b7c89055.jpg,Wet,train,File:Adrian Sutil 2010 Malaysia 3rd Qualify.jpg,Morio,CC BY-SA 3.0,http://creativecommons.org/licenses/by-sa/3.0/,https://commons.wikimedia.org/wiki/File:Adrian_Sutil_2010_Malaysia_3rd_Qualify.jpg
train/Wet/287274de5f67c99a.jpg,Wet,train,File:Fernando Alonso - McLaren (33108835665).jpg,"Jake Archibald from London, England",CC BY 2.0,https://creativecommons.org/licenses/by/2.0,https://commons.wikimedia.org/wiki/File:Fernando_Alonso_-_McLaren_(33108835665).jpg
train/Wet/b52d767d278c7ef0.jpg,Wet,train,File:Safety Car track inspection lap 2010 Japan Saturday.jpg,Morio,CC BY-SA 3.0,http://creativecommons.org/licenses/by-sa/3.0/,https://commons.wikimedia.org/wiki/File:Safety_Car_track_inspection_lap_2010_Japan_Saturday.jpg
train/Wet/5c3c38b5f8d3af22.jpg,Wet,train,File:Robert Kubica (4948447605).jpg,"Nic Redhead from Birmingham, UK",CC BY-SA 2.0,https://creativecommons.org/licenses/by-sa/2.0,https://commons.wikimedia.org/wiki/File:Robert_Kubica_(4948447605).jpg
train/Wet/167ec389470a0bb2.jpg,Wet,train,File:No.9 Marcus Ericsson (38046874064) (2).jpg,"Takayuki Suzuki from Kanagawa, Japan",CC BY-SA 2.0,https://creativecommons.org/licenses/by-sa/2.0,https://commons.wikimedia.org/wiki/File:No.9_Marcus_Ericsson_(38046874064)_(2).jpg
train/Wet/9d07b49098ad14d9.jpg,Wet,train,File:Thierry Boutsen - Jordan 193 during practice for the 1993 British Grand Prix (32843912224).jpg,"Martin Lee from London, UK",CC BY-SA 2.0,https://creativecommons.org/licenses/by-sa/2.0,https://commons.wikimedia.org/wiki/File:Thierry_Boutsen_-_Jordan_193_during_practice_for_the_1993_British_Grand_Prix_(32843912224).jpg
train/Wet/1846bbdce1791582.jpg,Wet,train,File:Silverstone wet 2008.jpg,ligreq,CC BY 2.0,https://creativecommons.org/licenses/by/2.0,https://commons.wikimedia.org/wiki/File:Silverstone_wet_2008.jpg
train/Wet/7ccf497a92ec7a90.jpg,Wet,train,File:Nico Rosberg 2014 China Qualify.jpg,emperornie,CC BY-SA 2.0,https://creativecommons.org/licenses/by-sa/2.0,https://commons.wikimedia.org/wiki/File:Nico_Rosberg_2014_China_Qualify.jpg
train/Wet/abf441cb50460eda.jpg,Wet,train,File:F1 2014 JAP Lewis Hamilton 4968.jpg,Takayuki Suzuki,CC BY-SA 2.0,https://creativecommons.org/licenses/by-sa/2.0,https://commons.wikimedia.org/wiki/File:F1_2014_JAP_Lewis_Hamilton_4968.jpg
train/Wet/3f3ca31decfce593.jpg,Wet,train,File:0 Silverstone Circuit Grid BRDC sm gf55.jpg,Gillfoto,CC BY-SA 4.0,https://creativecommons.org/licenses/by-sa/4.0,https://commons.wikimedia.org/wiki/File:0_Silverstone_Circuit_Grid_BRDC_sm_gf55.jpg
train/Wet/8e70976aa40b5307.jpg,Wet,train,"File:Red Bull Racing , Noida F1 2013 08.jpg",Ank kumar,CC BY-SA 4.0,https://creativecommons.org/licenses/by-sa/4.0,"https://commons.wikimedia.org/wiki/File:Red_Bull_Racing_,_Noida_F1_2013_08.jpg"
train/Wet/cba9ac1f8fc101c3.jpg,Wet,train,File:Felipe Massa 2008 British Grand Prix.jpg,ligreq,CC BY 2.0,https://creativecommons.org/licenses/by/2.0,https://commons.wikimedia.org/wiki/File:Felipe_Massa_2008_British_Grand_Prix.jpg
train/Wet/c7db06d70af1e399.jpg,Wet,train,File:2011 Canadian GP - Hamilton-Webber.jpg,Mark McArdle from Canada,CC BY-SA 2.0,https://creativecommons.org/licenses/by-sa/2.0,https://commons.wikimedia.org/wiki/File:2011_Canadian_GP_-_Hamilton-Webber.jpg
train/Wet/d42ae1953ffb6aa9.jpg,Wet,train,File:Mercedes AMG No.44 Lewis Hamilton (21831248430).jpg,"Takayuki Suzuki from Kanagawa, Japan",CC BY-SA 2.0,https://creativecommons.org/licenses/by-sa/2.0,https://commons.wikimedia.org/wiki/File:Mercedes_AMG_No.44_Lewis_Hamilton_(21831248430).jpg
train/Wet/0accefc8b397392d.jpg,Wet,train,File:Toyota China 09.jpg,Carl Nenzén Lovén,CC BY 2.0,https://creativecommons.org/licenses/by/2.0,https://commons.wikimedia.org/wiki/File:Toyota_China_09.jpg
train/Wet/45a46594ac6044c0.jpg,Wet,train,File:Kazuki Nakajima 2007 Brazil free practice.jpg,Morio,CC BY-SA 3.0,http://creativecommons.org/licenses/by-sa/3.0/,https://commons.wikimedia.org/wiki/File:Kazuki_Nakajima_2007_Brazil_free_practice.jpg
train/Wet/89355151392d99ec.jpg,Wet,train,File:Japan 2007 GP Fuji 3.jpg,nh824,CC BY 2.0,https://creativecommons.org/licenses/by/2.0,https://commons.wikimedia.org/wiki/File:Japan_2007_GP_Fuji_3.jpg
train/Wet/9861a211cb661b56.jpg,Wet,train,File:A Very Happy Button (5826685140).jpg,ph-stop,CC BY-SA 2.0,https://creativecommons.org/licenses/by-sa/2.0,https://commons.wikimedia.org/wiki/File:A_Very_Happy_Button_(5826685140).jpg
train/Wet/2343176e0f47dd4a.jpg,Wet,train,File:USGP Austin 2015 (22504700606).jpg,"Curt Smith from Bellevue, WA, USA",CC BY 2.0,https://creativecommons.org/licenses/by/2.0,https://commons.wikimedia.org/wiki/File:USGP_Austin_2015_(22504700606).jpg
train/Wet/df5ecf9224c377c1.jpg,Wet,train,"File:Red Bull Racing, No.1 Sebastian Vettel (2) (15111398374).jpg","Takayuki Suzuki from Kanagawa, Japan",CC BY-SA 2.0,https://creativecommons.org/licenses/by-sa/2.0,"https://commons.wikimedia.org/wiki/File:Red_Bull_Racing,_No.1_Sebastian_Vettel_(2)_(15111398374).jpg"
train/Wet/ffc2c92d06d51012.jpg,Wet,train,File:2009 Formula 1 Grand Prix of China - Shanghai Circuit (3480354954).jpg,Derrick Noh from NYC,CC BY 2.0,https://creativecommons.org/licenses/by/2.0,https://commons.wikimedia.org/wiki/File:2009_Formula_1_Grand_Prix_of_China_-_Shanghai_Circuit_(3480354954).jpg
train/Wet/b172364aaf0f4a4b.jpg,Wet,train,File:Wet Spa 2008.jpg,Mark McArdle from Canada,CC BY-SA 2.0,https://creativecommons.org/licenses/by-sa/2.0,https://commons.wikimedia.org/wiki/File:Wet_Spa_2008.jpg
train/Wet/6a20a68dd281f730.jpg,Wet,train,File:2011 Canadian GP - Hamilton.jpg,Mark McArdle from Canada,CC BY-SA 2.0,https://creativecommons.org/licenses/by-sa/2.0,https://commons.wikimedia.org/wiki/File:2011_Canadian_GP_-_Hamilton.jpg
train/Wet/a9b08439779912a1.jpg,Wet,train,File:Ferrari Pit Lights (5816756579).jpg,ph-stop,CC BY-SA 2.0,https://creativecommons.org/licenses/by-sa/2.0,https://commons.wikimedia.org/wiki/File:Ferrari_Pit_Lights_(5816756579).jpg
train/Wet/93b924519d782960.jpg,Wet,train,File:Toro Rosso Renault China 09.jpg,Carl Nenzén Lovén,CC BY 2.0,https://creativecommons.org/licenses/by/2.0,https://commons.wikimedia.org/wiki/File:Toro_Rosso_Renault_China_09.jpg
train/Wet/09330d9ea6c7aeed.jpg,Wet,train,File:Rosberg Hamilton - 2016 Monaco GP 2.jpg,Andrew Locking,CC BY 2.0,https://creativecommons.org/licenses/by/2.0,https://commons.wikimedia.org/wiki/File:Rosberg_Hamilton_-_2016_Monaco_GP_2.jpg
train/Wet/c1e072ecb6da0837.jpg,Wet,train,File:Robert Kubica 2008 Britain 3.jpg,ligreq,CC BY 2.0,https://creativecommons.org/licenses/by/2.0,https://commons.wikimedia.org/wiki/File:Robert_Kubica_2008_Britain_3.jpg
train/Wet/36a9ef0f0d2f4908.jpg,Wet,train,File:Hamilton - 2016 Monaco GP 04.jpg,Andrew Locking,CC BY 2.0,https://creativecommons.org/licenses/by/2.0,https://commons.wikimedia.org/wiki/File:Hamilton_-_2016_Monaco_GP_04.jpg
train/Wet/5e426e5eae9b15c7.jpg,Wet,train,File:2009 Formula 1 Grand Prix of China - Shanghai Circuit (3479237277).jpg,Derrick Noh from NYC,CC BY 2.0,https://creativecommons.org/licenses/by/2.0,https://commons.wikimedia.org/wiki/File:2009_Formula_1_Grand_Prix_of_China_-_Shanghai_Circuit_(3479237277).jpg
train/Wet/ff4fe80d923140ba.jpg,Wet,train,File:Button Barrichello Trulli 2009 China.jpg,Derrick Noh from NYC,CC BY 2.0,https://creativecommons.org/licenses/by/2.0,https://commons.wikimedia.org/wiki/File:Button_Barrichello_Trulli_2009_China.jpg
train/Wet/426b0814447f6729.jpg,Wet,train,File:Peloton China 09.jpg,Carl Nenzén Lovén,CC BY 2.0,https://creativecommons.org/licenses/by/2.0,https://commons.wikimedia.org/wiki/File:Peloton_China_09.jpg
train/Wet/057367234afd2dd7.jpg,Wet,train,File:2011 Canadian GP - Race stop.jpg,Mark McArdle from Canada,CC BY-SA 2.0,https://creativecommons.org/licenses/by-sa/2.0,https://commons.wikimedia.org/wiki/File:2011_Canadian_GP_-_Race_stop.jpg
train/Wet/50d28e4e0aff2289.jpg,Wet,train,"File:2024 British Grand Prix, Russell (4).jpg",Jen Ross,CC BY 2.0,https://creativecommons.org/licenses/by/2.0,"https://commons.wikimedia.org/wiki/File:2024_British_Grand_Prix,_Russell_(4).jpg"
train/Wet/13d0b0aa0a01cabc.jpg,Wet,train,File:2011 Canadian GP - Winner.jpg,Mark McArdle from Canada,CC BY-SA 2.0,https://creativecommons.org/licenses/by-sa/2.0,https://commons.wikimedia.org/wiki/File:2011_Canadian_GP_-_Winner.jpg
train/Wet/3abc2be1eb16d309.jpg,Wet,train,File:2011 Canadian Grand Prix (5826664268).jpg,ph-stop,CC BY-SA 2.0,https://creativecommons.org/licenses/by-sa/2.0,https://commons.wikimedia.org/wiki/File:2011_Canadian_Grand_Prix_(5826664268).jpg
train/Wet/bc23430359ed1e49.jpg,Wet,train,"File:Red Bull Racing , Noida F1 2013 14.jpg",Ank kumar,CC BY-SA 4.0,https://creativecommons.org/licenses/by-sa/4.0,"https://commons.wikimedia.org/wiki/File:Red_Bull_Racing_,_Noida_F1_2013_14.jpg"
train/Wet/a9b271fde90b0cf9.jpg,Wet,train,File:Buemi Malaysian qualy 2010 (cropped).jpg,"Buemi_Malaysian_qualy_2010.jpg: Joost Rooijmans from Kuala Lumpur, Malaysia
derivative work: Chubbennaitor (talk)",CC BY 2.0,https://creativecommons.org/licenses/by/2.0,https://commons.wikimedia.org/wiki/File:Buemi_Malaysian_qualy_2010_(cropped).jpg
train/Wet/f58bbd9e1d86ff6b.jpg,Wet,train,File:Parkes at 1966 Dutch Grand Prix.jpg,"Eric Koch for Anefo  / neg. stroken, 1945-1989, 2.24.01.05, item number 919-3826",CC BY-SA 3.0 nl,https://creativecommons.org/licenses/by-sa/3.0/nl/deed.en,https://commons.wikimedia.org/wiki/File:Parkes_at_1966_Dutch_Grand_Prix.jpg
